Museum,Catalog no.,Genus,Species,Sex,Country,State/Region,SKL,BCL,FL,PL,PW,GULW,ZW,POP,POC,MCW,I3-I3,C1-C1,MB,CB,OCB,I3AP,I3ML,C1AP,C1ML,P3H,P3L,P4BP,P4L,P4-C1,c1H lower,c1AP,c1ML,p3H,p3L,p3B,p4H,p4L,p4B,m1L,m1B,MAT,MAM,MFL,MM1,MC1,JDM1,JBM1,JDP4,JBP4,SYML
LACM,51595,Acinonyx,jubatus,male,,,147.7,76,62.2,44.8,65.7,56,108.4,67.7,53.6,65,21.6,42.4,47,34.7,63.5,5.4,4.9,11.3,8,10.1,13.9,9.3,23,51,17.8,9.6,7.2,9.5,12.3,5.5,10.8,15.3,6,16.7,7.7,34.6,22.7,46.1,59.9,100.8,22.2,9.3,22.5,9.7,27.2
LACM,51285,Acinonyx,jubatus,unknown,,,158.7,78.7,67.2,41.8,72.8,60,124.8,76.9,57.4,67.9,21.6,45.3,52.8,38.4,72.8,4.9,4.3,9.2,8.3,10.7,15.9,9.7,23.1,51.5,18.4,9,6.3,10,12.4,5.3,11.7,16.1,5.9,17.6,7,41.1,20.7,53.6,67.1,110.6,21.7,11.3,22.1,10.8,27.3
LACM,30788,Acinonyx,jubatus,unknown,,,165.8,,,44.6,68.2,57.7,132,75.9,52.8,67.7,21.1,45.5,51.4,38.1,73.7,5.4,4.7,11.1,8.5,9.8,14.1,8.8,24,54,19.2,9.6,7.4,9.7,12.5,5.7,11.4,16.2,6.5,19.1,7.6,38.8,22.9,54.1,67.5,114.3,21,11.2,21.6,10.7,28.8
MVZ,184065,Acinonyx,jubatus,unknown,unknown,,174.3,49.8,66.5,44.8,61.8,54.8,120.6,69.2,55.2,68.4,19.3,42.3,52.4,37.7,68.8,4.5,5.1,10.3,7.9,9.8,13.2,5.8,22.7,50.2,14.7,8.9,6.5,9.2,12.6,5.1,11.5,15.8,6.1,16.7,6.9,34.9,18.3,48.1,65.7,113.2,19.8,10.5,19.3,10.6,24.8
MVZ,184066,Acinonyx,jubatus,unknown,unknown,,178.2,49.4,63.5,43.5,61,53.9,119.1,72.5,55.8,67.2,19.5,43.9,50.6,37.8,70.1,4.9,4.2,10.4,9.2,9.9,12.8,8.7,21.4,51,16.2,9,7.4,8.3,11.1,4.9,10.5,14.6,5.7,17.5,7.6,36.4,19.9,47.3,67.2,114.7,23,6.9,23.1,5.9,27.1
FMNH,39475,Acinonyx,jubatus,unknown,Tanzania,Serengeti Plains,181.3,54.5,70.6,45.6,72.3,53,129.2,72.2,54.9,71.5,20.7,46,52.5,39.8,73.5,5.4,4.7,10.9,9,11.1,14.9,9.1,23.7,52.7,17.9,10.4,7.6,10.5,12.8,6.4,11.9,16.2,6.9,19.7,8,35.5,19.9,53.9,69.4,117.1,22.3,11.2,22.8,10.8,26.8
MVZ,117861,Acinonyx,jubatus,unknown,South Africa,,192.8,56.9,71.7,48.8,73.7,58.1,136.6,84,57.5,73.3,22.5,49.7,57,39.2,74,5.4,4.5,11.3,9.7,10,13.9,6.5,23.7,54.7,18.1,10,7.8,10.1,12.5,5.9,12,16.8,6.7,19.3,7.9,37.9,26.7,56,75.4,128.2,23.4,12.4,22.4,11.6,31.8
FMNH,34589,Acinonyx,jubatus,male,Botswana,,194.7,34,79.5,52.3,73.8,57.7,135.6,77.8,58.2,71.7,22.6,49.1,58.2,43.2,74.1,5.6,4.8,12.1,9.8,10.7,15.1,9.6,25.1,57,17.9,10.4,7.9,10.4,13.7,6.4,11.6,17.2,7.6,21.2,8.4,35.3,23.06,55.7,74.1,128.1,24.1,11.1,23.6,11.1,32.1
MVZ,117860,Acinonyx,jubatus,unknown,South Africa,,205.4,56.1,78.7,49.2,71,58,139.6,80.5,59.4,74.1,22.4,51.4,56,40.6,78.3,6.4,4.6,13.6,10.4,10.2,16,6.6,25.7,59.2,18.5,10.8,8,9.5,13.5,6.1,11.4,17.5,7.9,20,8.3,39.5,25.7,53.6,76.6,131.6,24.9,11.9,24.8,11.8,33.2
USNM,163098,Acinonyx,jubatus raineyi,female,Kenya,Guaso Nyiro,173.6,50.6,64.7,44.2,64.4,49.6,119.8,69.7,51.5,68.2,19.8,44.5,47.7,38.1,66.3,5.3,4.3,9.1,7.7,9.3,13.4,8.9,22.1,48.6,15.1,8.2,6.8,9.2,11.8,5.3,11.2,15,6.1,17.6,7.3,30.8,17.3,50.5,65.7,110.8,19.1,9.9,19.1,9.7,27.5
FMNH,39476,Acinonyx,jubatus raineyi,unknown,Tanzania,Serengeti Plains,185,55.4,67.6,46.7,71.8,56,133.2,74.7,55.4,70.9,20.1,46.5,52.9,39.6,73.1,5.3,4.7,10.6,8.5,9.2,14.2,9.4,23.2,52.8,17.1,9.5,7.5,9.7,12.7,6.3,11.8,16.8,7.1,18.2,8,39.1,19.5,54.4,74.3,123.7,23.6,11.2,22.6,11.7,31
FMNH,43292,Caracal ,caracal,male,Zoo/Africa,,105.9,32.3,41.6,22,44.4,37.7,69.2,38.7,30.4,48,13.7,25,35.6,28.3,44.3,3.6,3.1,6.8,5.2,5.6,9,7,15.1,36.9,11.9,6.4,4.5,,,,,,,11.2,5.2,18.6,11.5,26.1,33.6,66.9,12.8,7.9,13.4,7.2,18.9
FMNH,105607,Caracal ,caracal,female,Sudan,,109.5,32.7,44,27,42.2,38.6,74.4,38.6,28.7,48.5,13.2,24.6,36.4,26.5,46.4,3.3,3,5.8,4.3,5.8,7.8,5.7,13.7,35.3,10.4,5.4,3.7,4.7,5.9,3,7.1,9,4.3,10.7,4.6,20.7,13,28.5,36,70,12.9,6.7,11.4,6.6,17
USNM,182218,Caracal ,caracal,unknown,Kenya,Nairobi,112.1,34.3,46.6,25.5,46.3,36.6,82.2,45.7,30.6,51.5,13.3,27.5,37.7,29.7,48.6,3.6,3.1,6.5,4.9,6.1,8.7,6.6,15.2,36.6,10.9,5.9,4.7,5.2,6.5,4.1,7.3,10.1,4.8,10.8,5.2,24.6,12.9,31.7,39.7,74.5,13.7,7.1,13.1,6.5,16.8
FMNH,135042,Caracal ,caracal,unknown,Israel,,116,34.7,46.2,25.6,42,38.3,79.4,45.5,31.2,50,12.6,26,37.9,28,50.7,3.6,2.7,6.4,5,5.7,8.4,6.5,14.1,36.1,9.6,5.4,4.3,4.8,6.7,2.9,6.3,9,4,9.9,4.4,21.2,13.2,29.7,39.6,73.7,13.8,7.4,12.7,6.3,17.8
USNM,470164,Caracal ,caracal,female,Botswana,Shakawe,120.3,34.9,48.7,43.7,80.3,40.6,79.9,41.8,28.6,49.1,13.4,26.7,40.6,29.6,54.2,3.7,3.1,7,5.3,6.9,9,6.8,15.5,37.6,11.5,6.6,4.8,5.7,7.4,3.9,7.8,10.1,4.9,12.7,5.1,23.2,13.2,29.7,41.6,76.8,13.8,7.5,12.7,6.9,19.1
USNM,384162,Caracal ,caracal,female,Botswana,Khumaha,124.1,36,49,28.1,48.8,42.8,86.3,44.3,30.6,52.8,13.6,29.1,37.4,28.8,50.9,4,3,6.4,5.5,6.6,9,6.9,15.7,40.4,11.5,5.9,4.7,5.7,4.7,3.8,7.6,10.2,4.9,11.7,5.2,23.3,12.6,35.4,43,80.1,14.6,7,14.2,6.5,19.1
FMNH,32945,Caracal ,caracal,male,Ethiopia,,124.3,37,48.6,29.5,46.6,41.3,87.2,54.7,34.5,50.3,14.9,29.9,40.7,28.7,52.1,3.9,3.4,7.3,5.6,7,9.7,7.2,16.3,38.9,12.8,6.7,5.1,5.5,7.2,3.7,8.1,10.4,5.2,12.5,5.5,21.9,15.2,32.5,43.3,79.9,14.8,7.8,13.6,6.8,19.2
USNM,182310,Caracal ,caracal,male,Kenya,Ulu station,129.4,39.9,51.1,31.9,49.1,38.1,87.5,48.6,29.1,50.4,14.7,29.8,40.4,28.5,54.1,3.8,3.2,7,5.8,6.8,9.8,8,15.6,39.9,12.4,6.7,5.3,5.9,7.7,4.1,7.8,10.9,5,11.9,5.6,26,15.8,36.3,45.2,84.3,15.1,7.7,13.4,7.4,19
USNM,368503,Caracal ,caracal,male,Botswana,Dodo cross roads,151.6,46.3,63.1,35.3,54.5,45.8,109.8,61.5,32.9,54.1,15.8,38.1,48.6,31.3,59.6,6.3,5.5,9.1,7.2,6.8,11.5,8.1,17.3,45.7,15.1,8.1,6.5,5.7,8.6,4.5,7.1,11.8,6.3,12.6,5.8,31.8,24,45.7,56.4,100.9,19,10.5,17.4,9.4,25.7
FMNH,8378,Catopuma,badia,unknown,Malaysia,,82.9,28.7,30.4,16.5,34.4,29.5,56.9,43.3,35.7,43.5,11.9,20.7,29.3,21.9,37.4,2.4,3.2,4.9,3.5,5.2,7.6,5.7,11.3,25.5,9.2,5.1,3.3,4.3,6.1,3.1,5.4,8,3.6,8.3,3.7,15.3,8.7,21.2,24.9,49.4,10.1,5.1,8.9,5.1,14.8
USNM,198073,Catopuma,badia,unknown,Indonesia,Borneo; Dunglum,102.9,28.2,36.1,20.7,40.9,31.7,72.3,57.1,30.7,46.9,12.5,25.4,33.3,24.3,45.8,3.1,2.4,5.5,4.4,5.5,7.6,5.4,11.9,30.2,9.6,4.8,4,4.4,5.8,3.1,5.7,7.9,3.8,8.8,4.2,19.7,13.4,25.8,35.7,63.6,11.7,6.1,11.6,5.7,19.6
FMNH,72804,Catopuma,temminckii,female,Zoo/India,,116.6,34.1,46.8,24.8,49.6,41.7,83.5,47.9,33.3,53.4,13.5,27.4,38.8,29.6,49.7,3.7,3.3,5.9,4.9,6.4,8.7,7.1,15.7,37.5,12.9,6.3,4.5,4.8,7.5,3.6,6.4,10,4.7,10.9,5,19.5,11.5,30.5,37.9,72.8,12.8,5,12.7,4.7,19.5
USNM,339645,Catopuma,temminckii,unknown,Zoo,,117.6,36.1,44.3,26.8,42.5,33.4,74.3,48.1,32.1,47.8,13.4,26.8,38.9,28.7,48.8,3.7,3,6,4.9,6.3,9.4,7,14.6,37.5,11.7,6.2,4.6,4.8,7.2,3.7,6.5,9.8,4.4,10.5,4.9,20.8,10.9,30.5,37.5,73.4,13.2,6.8,13.1,6.2,19.2
FMNH,75826,Catopuma,temminckii,male,India,Takubama,126.4,41.5,47.4,30,49.4,37.7,81.6,53.4,35.2,53.7,14.2,28.4,39.2,30.7,53.1,4.2,3.4,6.7,5.2,6.3,9.1,7,16.2,38.5,14.1,6.9,5,5.1,6.8,3.6,6.5,10.2,4.4,12.2,5.3,23.7,13.9,33.8,42,80.8,14.5,7.2,14.7,7.2,21.6
USNM,362188,Catopuma,temminckii,female,Zoo,,127.9,35.6,50.3,30.4,49.9,40.4,85.7,55.3,35.7,51.6,13.9,28.8,39,30.8,49.7,4.5,3.6,6.9,5.4,5.7,9.7,7.5,15.1,41.8,12.8,6.9,5,4.5,8,4,5.9,10.7,4.5,12.4,5.1,24.7,14.7,36.4,42.7,83.5,15,7.5,14,6.7,22.8
USNM,395843,Catopuma,temminckii,female,Zoo,,133,42.4,48.9,28.9,47.8,41.7,84.5,56,31,51.4,15.3,29.9,40.8,31.1,52.8,4.1,3.6,6.7,5.5,6.1,8.8,7.2,14.7,39.5,13.2,6.4,5.2,4.8,7.1,3.9,6.5,10.1,4.7,10.6,5.4,22.3,16.7,36.7,42.1,81.4,16.1,7.1,14.6,7,22.7
FMNH,98908,Catopuma,temminckii,male,Zoo/Nepal,,135.3,39.4,49.4,27.7,48.3,37.4,84.2,50.2,31.5,50.8,15.5,30.3,41.6,29.4,53,4.3,3.5,7.6,6.3,6.9,10.8,8.5,15.8,41.6,14.7,7.8,5.4,5.2,8.4,4.1,6.7,11.3,5.2,11.9,5.1,23.4,14.9,31.2,43.1,82.8,14.9,6.3,14.1,6.7,22.4
FMNH,31778,Catopuma,temminckii,unknown,Laos,,136.2,35.6,55,32,50,38,91.4,55.2,31.4,53.2,14.3,31.3,45.8,,57.4,4.7,3.5,8.5,6.6,5.9,11.5,8.9,17.8,43.7,15,8.2,5.8,5,8.9,4.1,6.2,12.1,5,13.6,5.6,27,16.3,38.5,45.1,88,17.4,8.3,16.6,7.4,27.3
FMNH,89919,Catopuma,temminckii,male,Vietnam,,146.5,44.1,54.9,34.3,53.4,42.3,92.1,56.9,30.5,53.9,14.5,32.5,42,30.7,58.7,3.9,4.1,8.2,6.3,6.7,9.7,8.1,16.3,43.7,14.3,7.2,5.7,5.5,8.1,4,6.7,10.1,5.1,12.4,5.8,26.1,17.2,41.6,48.2,91.9,16.1,8.9,15.2,8.5,26.7
USNM,259012,Catopuma,temminckii,female,China,Sichuan,154.8,43.9,58.1,37,51.8,44.9,102,61.7,39.3,56.4,16.4,35.1,47.4,31.8,62.4,4.3,4,8.1,6.7,6.4,10.7,8.2,17.7,44.4,16.1,8.2,6.5,5.3,8.7,4.5,7.5,12.4,5.3,14.4,6.4,29.6,17.8,46.4,52.7,97.6,20.4,9,18.2,8.8,30
LACM,56784,Felis,chaus,female,India,,89.5,44.4,35.1,19.6,34.9,32.6,64.3,47.7,35.5,44.9,10.4,21.2,30.4,22.3,39.5,2.5,1.9,4.4,4,6,7,5.8,12.2,30.4,9.4,4.1,3.1,4.4,5.9,2.5,5.6,7.8,3.6,9.9,3.8,16,10.8,20.3,32.5,59.5,10.1,5.2,9.4,4.7,14.4
USNM,294965,Felis,chaus,female,Thailand,Prachin Buri,89.7,24.5,34.4,18.9,38,31.7,59.9,39.9,34,44.4,11.1,20.3,29.7,22.4,41,2.6,2.4,4.5,3.5,5.5,8.1,6.3,11.8,29.9,9,4.4,3.1,4.5,6.3,3,5.6,8.4,3.5,9.4,4,14.3,9.1,23,27.7,56.1,9.7,5.1,8.7,4.8,13.9
LACM,56781,Felis,chaus,female,India,,91.4,47.5,35.6,19.3,36.8,32.6,65.6,47.6,34.8,45.6,9.7,20.8,28.5,22.8,39.9,2.4,2.1,4.4,3.5,5.6,7.6,5.2,11.8,30.5,9.6,4,3,4.1,6.4,2.8,5.3,9.3,3.2,9.6,3.8,16.8,11.2,24.4,31.7,60.1,10.3,5.1,9.9,5,14.2
LACM,56783,Felis,chaus,female,India,,92.6,46.9,36.4,18.7,38.5,33.4,65.7,46.2,32.4,45.7,10.4,22.1,29.8,23.2,40.2,2.1,1.9,4.2,3.4,5.3,7.2,5.2,12.1,29.7,8.8,3.8,3,4.3,5.6,2.6,5.1,7.5,3.2,9.6,3.5,16.6,9.2,20.9,32.2,60.8,9.9,4.5,9.1,4,13.1
LACM,16756,Felis,chaus,female,,,93,42.8,36.8,19.1,38.9,33.3,67.1,51,35.5,44.9,10.8,23.1,28.6,22.1,40.7,2.5,2.1,4.6,3.6,5.4,8.3,6,11.6,31.1,10.5,4.1,3.1,4.8,6.4,2.9,5.4,9.3,3.2,9.8,3.8,16.3,8.6,23.9,33,59.2,10.5,4.9,9.2,4.7,14.9
LACM,17016,Felis,chaus,male,,,97.6,50.9,36.4,20.3,40,35.5,72.2,49.4,35.2,46.9,10.8,24.6,30.6,24.2,40.7,2.7,2,4.8,3.1,5.4,7.8,6.4,11.8,32,11.9,5.1,3.8,5.1,6.1,3.1,5.6,8.7,3.9,9.6,3.8,19.9,11.3,28.4,36.2,66.5,10.9,5.9,10.3,5.5,16.3
USNM,369310,Felis,chaus,male,Pakistan,Bahawalnager,108.2,31.9,41.9,23.6,44.4,35.4,75,49.6,33.8,46.4,11.7,25.7,33,24,44.3,2.8,2.4,5.5,4.3,5.3,7.7,6.7,12,33.6,10.5,5,3.8,4.6,6.4,3.1,5.5,8.8,3.8,8.9,4.1,18.5,10.8,28.6,39,70.8,11.8,5.9,11.3,5.4,15.2
LACM,8224,Felis,chaus,male,India,,110.7,56.9,43.5,25.1,41.4,38.4,81.2,52.6,33.1,46.7,12.1,26.2,38.1,25.4,48.3,2.9,2.8,6,4.7,4.7,8.3,6.5,12.6,35.5,11.7,5.8,4,4.5,7.3,3.5,5.6,9.3,3.9,10.6,4.3,19.8,12.7,29.6,40.1,74.9,13.5,6.3,12.3,6.2,18.2
USNM,319046,Felis,chaus,male,India,New Dehli,111.4,31.9,42.2,23.3,41.6,33.2,75.4,50.5,35.4,46.9,12.3,25.8,34.9,24.7,44.9,2.5,2.4,5.5,4.7,5.5,8.2,7.2,12.5,34.3,11.3,5.3,4.3,5,7,3.2,5.7,9,3.8,9.1,4,22,11.4,27.8,37.7,70.7,11.9,6.3,11.1,5.9,17.5
USNM,176049,Felis,chaus affinis,female,India,Kashmir,102.2,30.6,39,22.7,40,32.6,70.1,48.8,33.9,46.6,10.5,23.4,33,24.9,43.2,2.7,2,4.7,3.8,5,7.4,6.8,11.7,31.1,8.1,4.4,3.2,4.5,6.5,3.1,5.2,8.5,3.7,8.3,3.7,19.1,8.7,25.5,35.2,63.7,10.9,5.4,10,4.7,14.1
FMNH,159995,Felis,margarita,female,Zoo,,84.7,27.6,28.1,18.5,33.3,30.3,67.2,51.1,33.4,42.8,7.3,18.3,32.7,19.5,41.8,,,3.9,3.1,4.9,6.7,3.4,9.9,26.1,6.8,3.2,2.5,,,,5,6.4,2.6,,,16.3,7.4,24.3,31.5,54.9,7.1,4.9,7.4,4.5,11.9
FMNH,127295,Felis,margarita,male,Zoo/Asia,,89.7,20.2,32.3,19.5,36.7,30.7,70.9,52.2,34,43.7,8.8,21.8,33.7,20.2,42.2,1.9,1.7,5.2,3.9,5.9,7,4.7,10.6,28.1,10,4.5,3.4,4.1,5.5,2.5,5.4,7.4,3,8,3,16.5,10.7,25.8,31.2,59.4,10,6,9.1,5.6,14.4
FMNH,127296,Felis,margarita,male,Zoo/Asia,,91.7,29,31.6,21.7,35.5,31.8,75.1,56.4,33.7,44.6,7.9,20.8,31.4,20.8,44.8,1.9,1.7,4.9,3.6,4.4,6.3,4.5,10.1,26.9,9.9,4.2,3,4.2,5.6,2.5,4.7,7.3,2.7,7.6,3.1,18.6,10.4,26,35.5,64,10,5.3,9.1,4.7,13.8
FMNH,60613,Felis,margarita,male,Zoo/Asia,,95.1,23.9,32.3,21.8,36.2,31.4,73.9,54,32.5,43.6,7.6,20.5,32.1,20.9,43.1,1.9,1.7,4.7,3.8,4.9,6.1,4.4,10.3,28.9,9.4,4.2,3.1,4.1,5.5,2.6,4.6,6.7,2.7,7.5,3.5,16.5,12.1,24.8,35,58.8,10.5,5.5,9.6,4.4,8.5
USNM,395519,Felis,nigripes,female,Zoo,,77.3,23,28.2,15.6,30.8,26,57.3,41.7,30.4,38.1,8.5,17.2,26,18,35.3,1.6,1.5,4,2.7,4.3,5.3,3.2,8.9,23.8,7,3,2.4,3.7,3.7,2.1,4.4,5.1,2.4,6.4,2.9,13.8,6.9,20.4,25.5,47.6,8,3.5,7.3,3.5,10.6
USNM,395838,Felis,nigripes,male,Zoo,,77.8,25.2,28.7,15.4,30.3,27.9,57.8,32.4,27.8,36.6,8.9,18.4,28.9,19.5,37,2.1,1.5,4.4,3.5,3.9,5.3,3.4,9.2,25.3,8.8,3.7,3,3.2,3.9,1.9,4.1,5.2,2.3,6.6,2.7,14.1,6.3,17.5,26.5,49,8.7,3.9,8,3.6,13.5
USNM,381275,Felis,nigripes,female,South Africa,Gannavloer,78.5,24.2,29.9,15.4,30.2,28.8,58.1,42.6,28.8,39.7,8.2,17.9,27.1,19.3,36.6,1.8,2,4.2,3.3,4.2,5.4,3.5,9.6,24.1,8,3.4,2.6,3.7,4.3,2.2,4.3,5.7,2.6,7,2.9,12.7,7.8,18.6,25.2,46.7,8.4,3.8,7.5,3.5,10.4
USNM,395135,Felis,nigripes,male,Zoo,,81.9,26.5,30.3,17.2,30.9,28.5,61.1,42.7,28.9,39.8,8.5,18.7,26.8,20.1,38.1,1.7,1.6,4.6,3.1,4.5,6.5,4,10.5,25.6,8.7,4,2.8,4,4.9,2.4,4.8,6.6,2.9,7.9,3,14.1,9.8,21.5,26.8,51,9.4,4.2,7.9,4,12
LACM,70171,Felis,silvestris,female,Chad,,82.4,42,31.9,18.4,34.1,28.9,59.2,47.5,33.7,41.1,9.2,19.4,28,20.5,36.8,2.4,1.5,4.4,3.1,4.9,7,5.4,9.9,28.5,9.3,3.7,2.7,4.1,5.5,2.4,4.6,7.2,2.7,8.3,3.6,14.1,9.2,21,26.8,52.5,9.4,4,9,3.7,12.1
LACM,41786,Felis,silvestris,female,Namibia,,83.2,42.7,31.6,16.6,38.6,33.1,62.8,45.7,35.1,46.3,10.2,19.3,29,21.1,40.9,2.4,2.1,3.6,3.8,5,7.4,5.1,10.8,29.3,9.5,4.5,3.4,4.3,6.2,2.4,5,7.7,2.8,7.9,3.3,12.9,7.7,20.4,26.8,52.5,9.1,5.2,8.3,4.8,12.2
LACM,14480,Felis,silvestris,male,Chad,,84.6,42.4,32.6,18.6,34.8,34.1,70.2,52.3,35.4,45.4,9,21.9,30.8,21.4,41.9,2.1,1.8,4.6,3.6,3.8,6.1,4.5,9.6,28.9,9.1,4.3,3.3,3.8,5,2.5,4,7,2.7,7.8,3,16.6,11.6,25.1,32.3,56.8,10.6,5,9.4,4.8,12.9
LACM,37868,Felis,silvestris,unknown,Angola,,88.4,45.8,32,17.7,36.1,31.9,65.8,52.2,35.4,44.8,9.8,21.3,28.8,25.5,42.3,2.6,1.9,4.5,3.4,5.6,6.9,5.4,10.7,28.9,9.9,4.4,3.1,4.6,5.9,2.7,5.4,7.8,3,8.7,3.9,15.2,10.3,24.4,30.6,57.3,10.4,4.7,10.2,4.6,13.3
MVZ,117862,Felis,silvestris,unknown,Namibia,,92.7,28.2,32.1,18.2,36.1,29.1,66.1,48.2,34.1,45.4,9.6,19.9,26.8,21.3,41.9,2.4,1.8,4,3.6,4.8,7.2,4.7,10.8,30.1,9.3,4,3.1,4,6.2,2.5,5,7.5,3,8.4,3.5,14.7,7.5,21.5,28.3,55.9,9,4.4,8.5,3.9,10.7
LACM,56696,Felis,silvestris,male,Namibia,,95.3,49.2,37.6,23.5,41.1,38.5,76.6,50.9,33.1,47.7,9.8,23.4,31,22.8,45.2,2.1,1.4,5.1,3.9,4.3,7.2,5.5,11.8,33.3,10,4.9,3.7,4.3,5.6,2.6,5,8.4,3,9.6,3.8,18.1,10.7,26.2,35.7,65.9,12,4.6,10.9,4.3,16.6
MVZ,118481,Felis,silvestris,male,Botswana,,98.5,30.5,36.7,20.2,40,33.5,69.8,51.2,36.2,46,10.6,23.9,31.3,23.2,44.4,2.6,2.1,5.2,4.1,4.5,7.4,5.3,11.5,31.2,10.7,5,3.9,4,5.8,2.6,5.1,8,3.1,9.5,3.6,15.2,9.2,23.7,29.7,60.1,10.9,5.3,10.4,4.8,13.4
MVZ,118482,Felis,silvestris,male,Botswana,,101.7,,38.1,22,38.1,33.6,69.8,51.6,34.5,45.8,10.7,24,,,,2.4,1.9,5.3,4.5,4.9,7.4,5.2,11.9,33.7,10.8,5.3,3.8,4.7,6.4,3,5.1,7.6,3.4,9.1,3.8,16.2,8.6,25.4,31.4,63.5,11.2,5.3,10.6,4.9,14.2
MVZ,165183,Felis,silvestris,female,Kenya,,101.7,29.8,38.1,23,39.3,33,70.6,51.5,34,46.4,10.1,23.5,30.7,24.2,45,2.3,1.7,4.7,3.9,5,7.1,6,11,31.5,11.1,4.7,3.6,4.3,5.9,2.7,5,8.2,3.1,8.7,3.2,15.9,8.4,24.9,31.1,63.3,11.2,5.8,10.6,5.4,14.4
FMNH,127835,Felis,silvestris ugandae,male,Tanzania,Serengeti Plains,100,30.4,39.1,21.8,39.6,35.1,74,54.6,33.2,47.5,10,24.1,28.4,22.9,44.6,2.2,1.9,5.4,3.9,3.8,6.5,5.5,11.6,31.6,10.4,5.3,4,3.4,5.2,2.6,4.1,7.3,3.2,8.6,3.6,15.7,9.9,28.6,35.5,66.1,11.7,5.6,10.5,5.4,14.6
MVZ,145344,Herpailurus,yaguarondi,male,Paraguay,,92.6,35.1,35.1,20.6,33.7,27.3,58.5,41.5,29.3,42.6,10.7,20.4,29.5,24.2,36.6,2.9,2.8,5,3.5,5.5,7,4.6,11.2,27.9,8.3,4.4,3.2,4.5,5.7,2.8,5.3,7.1,3.5,8,3.4,17.6,11.1,22.4,29.3,54,10.2,4.9,8.9,4.6,12.4
MVZ,98311,Herpailurus,yaguarondi,unknown,El Salvador,,92.9,34.5,33.5,19.8,35.2,31.4,58.8,37.9,27.2,41.9,10.2,20,28.4,23,38.2,2.7,2.2,4.7,3.6,4.9,6.5,4.7,10.6,27.3,,,,,,,,,,,,,,,,,,,,,
MVZ,113296,Herpailurus,yaguarondi,female,Colombia,,95.5,35.4,35.1,21.5,34.3,31.2,57.3,38.2,27,39.8,11.3,21,30.6,23.5,37.7,3.3,2.7,5.3,3.9,4.5,7.8,5.8,11.7,28.3,10.1,5.5,3.7,3.8,5.6,2.8,4.8,7.6,3.3,9.5,4.2,16.5,10.5,25.1,31,56.3,10.2,5.1,8.9,4.5,15.4
LACM,33299,Herpailurus,yaguarondi,male,Mexico,,96.6,50.7,36.4,20.5,37.9,33.4,67.2,45.8,32,45.7,11.1,23.1,31.1,23.6,38.7,3.1,2.8,5.4,4,5.3,7.2,5.3,11.6,29.6,10.2,5,3.6,3.9,5.9,3.2,5.5,6.6,3.7,8.7,3.7,19.1,13,23.6,31.9,58.2,10.8,5.5,10.2,5.1,13.6
MVZ,84333,Herpailurus,yaguarondi,female,Ecuador,,98.1,34.7,37.5,21.7,35,30.3,59.6,38.9,28.2,42.2,12.2,20.8,30,23.7,36.7,3.2,2.6,5.2,3.8,5.4,7.6,6,11.7,29.8,9.7,5,3.7,4.1,6,3.1,5.1,8.2,3.6,8.7,4,15.8,10.1,22.8,29.9,57,10.2,4.9,9.3,4.7,15.2
MVZ,155228,Herpailurus,yaguarondi,unknown,Peru,,99.6,36.9,36.6,20.8,39.9,31.6,59.4,37.7,31,44.7,12.2,21.8,36.2,25.5,38.6,3.4,3.1,6,4.2,6,8,6.1,12.9,30.9,9.5,5.7,3.9,4.7,6.2,3.8,5.5,7.9,4,9.9,4.3,16.5,10.3,22.8,28.8,56.7,10.9,6.6,10.1,5.9,14.8
MVZ,121835,Herpailurus,yaguarondi,unknown,Panama,,100.2,34.8,37.1,21.9,37.4,33.4,59.6,35.8,27.2,42.9,11.7,22.8,29.4,24.1,37.9,3.1,2.7,5.8,3.9,5.7,7.8,5.6,12,30.4,9.4,5.5,4,4.6,6.1,3.1,5.1,8.2,3.8,9.2,4.4,16.8,11.8,21.7,29.3,57.4,11.2,5.6,10.8,5.2,15.2
MVZ,184070,Herpailurus,yaguarondi,unknown,Brazil,,101.4,37.6,38.8,21.7,37.3,29.8,61.6,40.5,28.2,41.4,11.5,21.6,28.1,24.3,36.3,2.9,2.3,5.3,4,5.1,7,5.7,11.5,30.1,8.2,4.7,3.3,4.1,6.1,3,5,7.8,3.8,8.9,3.7,17.1,12.6,27.7,32.3,59.1,11.9,5.6,11,5,14.8
MVZ,153655,Herpailurus,yaguarondi,male,Peru,,114.6,40.1,42.6,24.9,41.1,34,71.4,43.4,32.1,47,13.3,24.7,35.3,25.3,43,3.5,2.9,5.9,4.4,6,7.9,5.8,12.3,33.2,10.2,6.2,4.4,4.8,6.6,3.5,6.1,8,4.1,9.3,4.4,17.8,14.3,26.8,34.8,66.7,13.4,7,12.4,6.3,20.3
LACM,61144,Herpailurus,yaguarondi tolteca,female,Mexico,,90.2,46.5,34.3,17.3,37,30.9,60.8,40.5,29.5,42.6,11.1,20.2,27.5,22.6,37.1,3,2.4,4.7,3.5,5,7.1,5.4,10.8,27.4,8,4.3,3.3,3.7,5.5,3.2,4.8,6.9,3.4,8.4,3.7,17.8,14.2,24.4,28.6,52.1,10.1,5.1,8.8,5.1,12.8
MVZ,170964,Leopardus,pardalis,unknown,Ecuador,,122.1,38.5,46.1,28.5,46.2,39.7,79.5,47.5,31.6,50.1,15.5,31.2,38.6,31.2,51.2,4.3,3.6,8,6.3,5.8,9.1,7.4,15.8,37.1,10.2,8.3,5.8,6,8.2,4,6.4,10.4,4.5,11.8,5.2,20.9,13.1,32,39.8,76.8,14.7,6.9,14.3,7.2,24.2
MVZ,112248,Leopardus,pardalis,unknown,United States,California,128.6,38.8,45.8,27.7,45.8,40.9,83.2,55.7,29,50.1,12.9,29.6,39.5,31,54.3,4,2.9,8.3,6.4,6.4,9.4,7.3,13.9,37.3,14.5,7.9,5.4,5.2,8.2,3.6,6.1,10.3,4.1,10.7,4.9,22.2,14.6,32.3,40.8,77.6,15.2,6.3,14.4,5.7,21.2
MVZ,171930,Leopardus,pardalis,unknown,Venezuela,,131.3,40.7,48.3,30.6,45.8,39.1,81.3,51.5,32.6,51,17,32.1,41.7,30.5,55.1,4.6,4.2,8.5,6.4,6.2,10.3,8.1,15.3,38.5,14.9,8.1,6.1,5.5,8.7,4.6,6.8,11.1,5,11.2,5,21.2,12.4,30.4,39.6,79.2,15,7.4,14.6,7.2,22.6
MVZ,132174,Leopardus,pardalis,male,El Salvador,,133.7,42.7,50.6,29.3,49.3,41.9,90.7,54.7,32.2,50.8,15.3,32.6,43.7,29.9,55.8,4.1,3.5,8,6.4,7.1,10.1,8.3,14.8,39.6,14.6,8,5.5,6.2,8,4.5,7.2,10.7,4.7,11.1,4.9,23.5,13.4,34.5,45.6,83.6,15.7,7.8,15.7,7.1,25
MVZ,132173,Leopardus,pardalis,female,El Salvador,,136.7,41.6,52.7,31.1,49.6,43.6,89.9,51,32.5,54.8,17.3,33,44.7,32.9,59.3,4.6,4.2,8.9,6.3,6.8,9.9,7.9,16.8,41.2,16.2,8,5.8,5.9,8.4,4.3,7.4,11.3,5.4,12.3,5.7,22.6,14.6,32.7,43.1,82.6,16.2,8.2,16.7,7.6,24.8
LACM,90775,Leopardus,pardalis,male,,,137,70.3,52.7,27.2,55.5,42.3,101.9,72.1,31.4,53.7,15.7,37.8,44.7,34,59.9,3.9,3.4,9.5,8.2,7.3,10.4,7.6,14.8,42.5,,7.7,6,6.2,8.7,4.7,7.1,10.4,5.1,11.3,5.5,26.4,18.3,38.8,49.4,86.7,15.8,9.4,17,9.6,28.7
MVZ,4907,Leopardus,pardalis,male,Guatemala,,149.6,48.5,53.5,31,50.3,43.6,99.1,63.6,32,53,15.9,36.3,39.7,32.3,61.7,4.5,3.9,9.5,7.2,6.6,10,8.1,16.7,42.6,16.6,9.4,5.8,6.2,9.2,4.7,7.2,11.3,5.3,11.8,5.5,24.6,17.2,39.9,50.4,91.3,16.2,8.1,15.1,7.3,25.2
LACM,92557,Leopardus,pardalis albescens,female,Mexico,,112.7,54.9,46.2,27.5,48.8,39,87.2,57.8,35.2,51.1,12.8,30.4,41.5,29.1,51.7,3.6,2.6,6.1,5.1,6.4,8.5,6.3,14.2,35.3,14.6,5.9,4.8,6.1,6.6,3.5,7.1,8.8,4.2,11.1,4.6,23.3,10.7,32.8,40.4,71,15.2,6.9,13.9,6.4,21.6
LACM,92555,Leopardus,pardalis albescens,unknown,U.S.,,119.4,60.4,48.7,27.9,45.3,39.1,84.4,49.5,27.1,49.9,14.7,29.5,39.4,30.6,53.4,3.9,3.4,6.9,5.6,6.5,9.5,7.1,14.4,36.8,13.6,6.5,4.9,5.3,8,4,6.6,9.9,4.6,10.3,4.6,24,15.3,33.1,41.6,74.1,14.2,6.7,13.7,6.4,23.3
FMNH,94319,Leopardus ,tigrinus guttula,male,Brazil,Sao Paulo,82.6,27.6,29.2,16.3,31,28,52.6,35.9,29.5,39.6,9.8,18.4,26,21,32.8,2.5,2.3,4.3,3.2,4.2,5.8,4.7,9.9,22.5,8.9,3.6,3.2,3.6,5.2,2.3,4.6,6.4,2.8,8,3.4,11.6,8.3,18.9,26.4,47.9,7.9,4.6,7.4,4.1,12.9
FMNH,70569,Leopardus ,tigrinus pardinoides,female,Colombia,Huila,81,28.2,28.1,15.7,27,24.3,48.9,34.8,27.6,36.8,8.4,16.8,22.7,19.4,31.6,2.3,1.8,3.6,2.7,4,5.4,4.4,9,22.6,7.1,3.5,3,3.5,4.6,2.5,4.2,6,2.8,7.5,3.3,11.5,7.9,20.3,26.4,47.5,7.5,4.1,7.6,3.6,12.2
FMNH,89231,Leopardus ,tigrinus pardinoides,female,Colombia,Cauca,81.9,28.5,28.7,15.9,29.6,26.3,49.8,34.3,28.3,38.8,9.6,16.8,25.4,20.7,30.9,2.6,2.5,2.5,2.9,4,5.8,4.6,10.2,24,7.7,4.1,2.8,3.5,5,2.4,4.2,6.6,2.8,7,3.2,11.5,7.2,20.5,27,49.3,8.2,4,8,3.5,11.6
FMNH,70570,Leopardus ,tigrinus pardinoides,female,Colombia,Cundinamarca,84.6,27.1,33.5,18.2,29.9,25.5,53.9,40.9,28.9,38,9.6,17.8,26.7,20.5,33.5,2.5,2.1,4,3,3.7,5.9,2.8,10.1,24.9,6.6,3.8,3.1,3.3,5.2,2.5,3.2,6.6,2.9,7.7,3,13.3,8.4,21.7,28.3,51.9,9.1,4.5,7.8,3.9,14.2
FMNH,70571,Leopardus ,tigrinus pardinoides,male,Colombia,Cundinamarca,84.8,22.2,30.3,17.6,30.5,26.2,55.9,37.8,27.3,36.9,9.2,17.8,25.1,22.6,33.6,2.3,2.1,4,2.8,3.9,5.7,4.3,9.6,24.5,7.3,4,3.1,3.2,5,2.4,3.3,6.1,2.9,7.3,3.2,11.8,8.4,23.1,30,51.8,8.5,4.6,7.9,4,13.1
FMNH,84554,Leopardus ,tigrinus pardinoides,male,Colombia,Cauca,85.2,29.4,31.4,17.1,29.8,26.4,56.4,41.5,28.9,39.4,9.4,18,26.6,23.5,34.7,2.6,2,4.5,3.1,4.3,5.6,4,9.8,24.1,8.6,3.5,3.2,3.6,4.8,2.5,4.5,6.1,2.9,7.9,3.4,14.3,8.9,23.2,28.8,52.6,9.1,4.8,8.5,4.3,13.3
FMNH,70572,Leopardus ,tigrinus pardinoides,female,Colombia,Cundinamarca,85.4,22.5,30.9,16.9,30.2,25.8,54.7,38.7,29.2,38.1,9.4,18.6,27.7,22.2,33.9,2.3,1.8,3.9,2.9,3.1,5.4,2.9,9.8,23.7,7.8,3.7,3,2.7,4.7,2.4,3.6,6.4,2.9,6.7,3.2,11.5,7.2,22.7,27.9,51,8,4.9,7.7,4.5,12.2
FMNH,85823,Leopardus ,tigrinus pardinoides,male,Colombia,Cauca,92.8,,32.1,19.2,31,27.8,57.2,39,29.8,39.8,10.6,19.6,27.9,23.4,36.1,2.7,2.5,4.7,3.2,4.6,7,5.4,11,27,10,4.7,3.2,3.9,5.7,2.6,4.6,7,3.3,8.4,3.3,14.6,9.4,25.6,31,56,8.9,4.7,8.4,4.1,15.2
MVZ,128841,Leopardus,wiedii,female,Mexico,Yucatan,85.1,24.9,30.2,16.8,33.1,32.9,57.8,41.9,32.8,43.9,9.5,19.2,31.5,20.6,32.5,2.5,2.5,4.8,3.3,4.9,6.6,5.2,10.1,24.7,8.6,4.2,3.1,4.1,5.5,2.4,4.6,7,2.6,6.9,3.1,9.1,7.3,18.6,25.5,49.3,9,4.3,8.6,4.1,13.6
LACM,59449,Leopardus,wiedii,male,Mexico,,89.5,46.2,33.1,17.9,34.3,31.1,65.4,52.8,34.1,45.4,8.6,20.2,30.1,23.4,41.2,2.6,1.8,5,3.2,3,6.6,4.9,10.5,27.6,8.5,4.9,3.4,3.6,5.2,2.3,3.5,6.8,2.7,7.9,3.4,14,9.4,24.5,30.7,54.5,10.4,5.1,10.1,4.6,16.9
LACM,62824,Leopardus,wiedii,male,Mexico,,90.7,47.6,32.2,17.9,36.4,33.2,64.1,45.9,31,43.2,10.2,19.8,30.4,23.9,41.9,2.4,2.2,4.7,3.2,4.7,6.7,4.6,10.3,25.9,9.3,4.7,3.6,3.9,5.4,2.6,5.1,7.8,3.1,7.9,3.4,12.4,9.4,23.8,31.5,56.9,9.3,5.2,10,4.6,16
MVZ,132175,Leopardus,wiedii,male,El Salvador,,95.6,29.2,36.2,20.8,33.8,32.4,65.4,52.2,31.1,45,10.7,22.9,30.4,23.9,41.9,3,2.4,5.5,4.1,4.8,6.6,4.9,10.7,28.2,10.3,5.1,3.8,3.9,5.6,2.7,3.5,7,3.3,8.3,3.5,14.9,9.9,23,30.9,57,10.6,4.8,9.9,4.5,19.4
MVZ,118878,Leopardus,wiedii,unknown,Mexico,Chiapas,98.1,31.7,36.9,21.6,32.6,32.1,62.6,49.1,31.4,42.9,11.5,22.2,30.8,23.9,41.4,3,2.7,5.2,3.7,5.2,6.6,4.9,11.3,29,11.2,5.1,3.8,4.4,6,2.7,5.3,7.4,3.3,8.3,3.2,13.9,9.9,23.7,31.2,58.4,10.3,5.2,9.6,4.7,16.3
MVZ,132176,Leopardus,wiedii,male,El Salvador,,98.1,31.6,35.7,20.4,32.6,33,64.6,49.7,31.3,44.3,10.2,21.3,30.9,23.1,42.5,2.8,2.2,4.8,3.9,4.7,6.5,3.9,8.5,27.7,10.3,4.8,3.7,4,5.1,2.5,4.4,6.9,3.1,6.6,3.1,15.5,9.8,24.8,31.4,57.4,10.5,4.2,10,3.8,16
MVZ,124326,Leopardus,wiedii,male,United States,California,100.5,32,36.1,19.1,34.3,31.7,64.6,48.7,33.6,45.9,11.3,21.3,30.6,24,43.3,2.5,2.3,5.4,3.8,5.1,7.4,5.5,10.3,28,10.3,5.2,3.8,4,5.9,2.6,4.6,7.4,3.1,8.2,3.7,14.4,10,22.1,32.6,59.5,10.5,4.8,9.7,4.6,14.9
LACM,53676,Leopardus,wiedii salvinia,female,Guatemala,,76.6,38,26.8,14.5,32.6,28.2,52.5,39.7,31.9,41.9,9.5,18.5,29,21.9,36.1,2.7,1.7,4.4,3.2,4.6,7.1,4.6,10.1,24,9.6,4.2,3.5,3.9,5.3,2.4,4.6,6.9,2.9,7.7,3.1,11.2,7.7,19.1,23.7,44.3,7.6,4.5,7.6,4.6,13.1
FMNH,94321,Leopardus ,wiedii wiedii,female,Brazil,Sao Paulo,87.8,27.5,31.4,17.1,32.1,29.5,57.8,43.2,30.7,43.4,9.8,19.3,30.5,23.5,41.6,2.4,2,4.7,3.2,4.6,6.2,5.1,10.2,26.1,8.1,4.3,3.2,3.7,5.3,2.6,4.7,7.2,3.1,7.9,3.2,10.8,7.2,20.8,29,52.7,8.9,4.2,9,3.9,13.9
FMNH,52437,Leopardus ,wiedii yucatanica,male,Zoo/Mexico,Yucatan,94.9,29.6,35.5,19.9,36.3,32.6,68.5,55.3,29.7,41,11.2,21.5,30.8,22.2,40.6,3,2.3,5.4,3.9,5.1,6.8,5.6,11,28.5,10.1,4.8,3.9,4.5,6.1,2.9,5,8.3,3.8,8.9,3.5,15.2,10.4,27.6,33.6,59.8,9.4,4.6,8.9,4.2,17.6
FMNH,127844,Leptailurus ,serval liptosticta,male,Tanzania,Serengeti Plains,110.8,32.6,45.1,25.1,45,37.9,73.1,,33.4,51.8,12.9,26.7,36.6,27.5,45.4,2.9,2.5,6.2,4.2,6,8.9,5.8,13.4,34.6,10.3,5.4,4.4,5.2,7.3,3.1,6.7,9.4,4.2,11,4.8,17.5,9.5,26.5,35.7,69.3,12.5,6.6,11,5.8,14.6
FMNH,18956,Leptailurus ,serval liptosticta,female,Kenya,Nairobi,113.3,38.2,45.4,22.7,44.6,42.2,80.1,52.3,36.2,52.9,12.6,26.8,37.8,27.2,46.5,2.9,2.9,5.9,4.6,4.9,8,5.4,12.7,35.1,10,5.8,4.4,4.8,6.8,3.5,5.8,9.1,3.9,9.9,4.3,20.7,11.9,34.3,40.5,75.6,14.6,6.3,13.1,5.7,18.5
FMNH,27164,Leptailurus ,serval liptosticta,female,Ethiopia,Begemdir,113.9,35.1,43.8,23.6,43.7,33.1,75.7,44.2,33.7,48.5,12.1,24.7,35.4,27.1,46.8,2.7,2.7,5.6,4.3,6,8.4,5.5,15.3,35.9,11.2,5.5,4.4,5.3,7.2,3.4,6.3,9.6,3.9,10.5,4.8,20.2,10.4,31.4,40.5,74.5,12.9,5.9,11.5,5.4,16.4
FMNH,127843,Leptailurus ,serval liptosticta,male,Tanzania,Serengeti Plains,119.8,44.1,46.7,25.9,46,37.9,82.8,53.4,32.6,48,13,29.6,36.1,27.6,47.6,2.9,3,6.2,5.3,5.6,8.2,6.6,13.5,36.4,12.1,6.1,4.8,5.2,7.9,3.7,5,9.2,4,10.3,4.6,21.8,12.7,31.3,42.7,77.7,14.5,7.4,13.4,6.8,20
FMNH,27165,Leptailurus ,serval liptosticta,male,Ethiopia,Begemdir,121.7,35.8,46.5,24.6,44.4,37,81.9,50.2,29.9,49.3,12.7,28.6,36.1,28.2,48.4,3,2.6,6.9,5.6,5.6,8.2,6.5,12.7,34.8,11.7,6.4,5.3,5.8,8.1,4.1,6.2,8.8,4.4,9,5.1,21.3,13.9,36.3,43.5,77.9,14.1,7.2,12.9,6.9,16.9
FMNH,18862,Leptailurus ,serval liptosticta,male,Kenya,Rift Valley,131.4,40.3,52.4,31.8,50.6,35.6,82.2,53.8,30.9,49.3,12.5,30,40.5,28.6,54.2,3.7,2.9,7.5,5.9,6.5,9.5,7,14.3,41.2,15.5,7.3,5.8,5.8,7.8,4.1,6.9,10.1,4.7,10.1,4.9,23.3,13.5,34.6,43.7,81.4,14.4,7.9,14.4,7.6,21
FMNH,93645,Leptailurus ,serval phillipsi,female,Sudan,Upper Nile,113.9,36.4,40.7,23.3,43.5,37.4,79.3,54.1,33.3,49.4,13,26.6,34.7,25.4,44.6,2.9,2.7,6.2,4.8,4.6,7.6,6,13.4,34,6.8,5.7,4.5,4.6,6.9,3.4,5.8,9.2,4,10,4.6,19.7,12.8,30.9,40.8,74.8,13.8,6,12.2,5.7,16.6
FMNH,79415,Leptailurus ,serval phillipsi,male,Sudan,Eastern Equatoria,121.1,37.1,43.7,25.5,44.3,38.4,82.4,51.2,33.8,50.1,11.6,25.8,38.1,29.1,47.6,3.2,2.7,6.4,4.6,5.5,8.4,6,13.7,34.5,11.2,6.2,4.4,5,7.3,3.2,5.7,9.8,3.7,9.8,4.6,17.6,12.3,35,41.3,74.4,11.7,6.5,11,5.8,14.9
FMNH,95923,Leptailurus ,serval serval,female,Zimbabwe,East Mashonaland,113.9,34.9,43.3,24.6,47.4,38.9,74.7,46.9,37.4,53.1,12.7,28,40.4,30.2,48.7,3.5,3,6.9,5.4,6.4,9.9,7.6,15,36.6,11.9,7,5,5.6,8.5,4.2,7,10.4,4.2,10.9,5.1,18.5,11,31.2,38.6,73.6,12.4,7,12.9,6.3,17.6
LACM,90776,Lynx,canadensis,female (17.5lbs),Captive,,108.3,45.1,43,25.2,52.5,45.1,86.9,52.9,37,52.6,13.4,30,35.8,27,51.3,3,2.4,6.2,5.1,7,8.9,6.3,14.4,36.7,14.7,6.2,4.3,6,6.2,3.8,6.6,8,4.1,12.1,4.8,20.8,10.8,30.6,38.4,71,16.4,5.4,16.6,5.2,20
LACM,92586,Lynx,canadensis,male,U.S.,,115.3,49.9,46.2,28.1,51.3,44.5,88.6,59.3,43.9,57.9,13.4,31.6,36.6,29,53.3,3.5,2.8,7.1,6.1,7.5,9.8,7.1,15.5,39.8,17.5,6.9,5.3,6.4,7.3,3.8,6.8,9.8,4.4,12.7,5.2,21.5,13.1,32.1,41.7,76.6,14.7,6.7,13.4,6.8,20.3
MVZ,4182,Lynx,canadensis,female,U.S.,Alaska,120.4,35.5,43.9,26.7,52.4,41.2,87,56.6,41.9,57.5,13.8,31.2,41.3,30.2,52.7,4,3.2,7.2,6.2,7.5,10.8,7.9,16.7,39.3,16.7,7.4,5.3,6.4,7.7,4.5,7.1,11.4,5,13.2,5.4,18.7,10.3,29.6,32.5,75,14.4,7.2,12.9,7.1,19.7
MVZ,4181,Lynx,canadensis,male,U.S.,Alaska,127.1,37.7,47,28.6,51.9,40.8,89.4,55.2,37.3,56.9,13.5,32.8,43.3,32.3,55.5,3.6,3.2,7.4,6.1,7.5,9.9,7.7,15.4,39.1,16.8,7.2,5.5,6.5,7.7,4.2,7.2,9.5,4.9,11.7,5,19.6,11.3,33.8,41.3,79.9,14.6,6.6,14.1,6.4,20.7
MVZ,4157,Lynx,canadensis,female,U.S.,Alaska,128.9,38.5,49.6,29.7,51.3,42.5,89.1,58.1,40.7,55.7,13.8,32.6,43.5,31.7,53.7,3.8,3,7.6,6,7,10.6,7.6,16.1,41.2,16.8,7.2,5.3,6.4,8.2,4.4,7.2,10.5,5,12.9,5.3,19.6,10.2,33,41.3,81,15.9,6.9,14.6,6.7,21.3
MVZ,4177,Lynx,canadensis,male,U.S.,Alaska,129.7,37.8,49.7,29.1,51.1,41.6,90,55,37.8,56.7,13.9,31.2,42.3,32.5,54.8,3.7,2.9,6.8,5.5,7.3,9.8,7.8,16.6,40.5,16.4,7,4.9,6.8,7.9,4.3,7,10.5,4.6,11.8,5.1,20.1,13.7,34.3,40.9,80.6,16.7,6.5,15.5,6.6,21.5
LACM,92585,Lynx,canadensis canadensis,female,U.S.,,113.4,51.7,47.4,27.9,51.5,43.9,88.5,52.5,38,56.6,14,30.6,36.1,29.8,51.6,4,3.2,7.3,5.7,7.3,10.1,7,15.7,40,16.9,7.3,5.2,6.6,7.8,4.1,7.2,9.7,4.7,12.5,5,21.8,11.8,30.8,40.3,74.5,15,6.7,14.6,6.3,20.6
LACM,92581,Lynx,canadensis canadensis,female,U.S.,,116.8,47.4,48.4,28.6,51.7,44.8,88,58.4,38.4,55.7,13,31.6,38.7,29.7,54.9,3.2,2.7,6.6,5.6,7.8,9.8,7.4,15.4,39.1,17.1,6.3,4.7,6.5,7.9,4.1,7.2,9.8,4.6,11.5,5.2,20.6,12.8,33.2,42.3,76.7,15.4,6.5,14.4,6.5,20.1
LACM,92582,Lynx,canadensis canadensis,male,U.S.,,117.5,52.3,47.9,28,54.6,44.8,92.2,61,40,56.6,14.4,32.6,36.2,30.2,54.4,4,3.3,7.5,5.9,7.9,10.5,7.8,16.1,39.3,18,7.4,5.2,6.6,8.2,4.3,7.4,10.5,5,13,5.5,20.1,12.8,32.7,42.3,77.8,16.4,7.2,15,7.3,21.7
USNM,270560,Lynx,lynx,female,China,Nei Mongol,139.9,38.3,53.9,33.6,61.4,46.7,98.3,62.8,41.2,61.4,16.8,35.5,50.1,33.2,63.6,4.7,4.2,9.1,7.2,9.5,10.8,9.3,18.7,47.9,18.8,9.7,7.2,7.8,10.6,6.6,9,12.7,6.9,16.2,7.3,22.6,14.7,36.1,44.9,91.8,18.5,9.6,16.5,9,27.4
USNM,84090,Lynx,lynx,female,India,Jammu and Kashmir,144.9,40.3,56.2,35.5,55.8,45.3,99.7,65.8,41.8,59.9,15.7,35.9,47.4,30.5,62.1,4.6,3.7,8.3,6.9,8.6,12.2,8.9,18.6,46.3,17.8,8.2,6,6.8,9.5,5.3,8,12.3,6,14.9,6.7,23.9,10.8,36.8,48.9,92.7,17.2,8.6,16.6,9,27.2
USNM,198468,Lynx,lynx,female,India,Jammu and Kashmir,152,40.5,58.9,39,56.6,45.1,105.3,71.3,42.6,61,16.6,37.5,47.9,32.5,66.8,4.1,3.8,8.7,7.2,8.1,11.1,8.7,18.4,47.1,17.2,8.2,6.2,6.5,9.4,5.2,8,11.5,5.9,13.2,6.5,26.8,14.4,39.7,52.5,98.5,18.5,8.4,18,8.1,26.5
USNM,A01034,Lynx,lynx,unknown,Sweden,,155.7,45,62.2,39.4,57.1,48.3,112.4,71.3,37.7,61.8,16.6,41.8,53.5,33.6,68.5,4.6,4.6,10.6,8.7,9,12,9.6,18,49.2,17.3,10.5,8.5,7.6,10.2,5.8,8.8,12.6,6.9,15.6,7.5,28.8,16.9,44.6,56.6,104.8,22.1,10,20.8,9.6,28.8
USNM,152618,Lynx,pardinus,male,Spain,Huelva,120.1,34,46.1,29.7,49.7,42.3,85.2,55.9,42.8,55.5,14.9,29.9,43.5,27,55,4.1,4.1,7,5.5,7.6,9.9,7.1,14.4,37.3,14.7,7,5.2,6.4,7.7,4.1,7.1,9.3,4.7,12.4,5.3,19.6,10.9,30.5,40.8,76.5,14,8.2,13.4,8,22.6
USNM,152619,Lynx,pardinus,male,Spain,Huelva,133.8,35.2,52.6,33.9,54.4,45,97,65.6,42.4,56.9,15.8,33.2,37,29,60.6,3.6,3.2,7.5,6.1,7.5,9.9,7.3,15.9,38.3,15.4,7.2,6.1,6.5,7.9,4.4,7.3,10.1,5.1,12.7,5.8,23.1,12.4,35.9,48.6,89,16,7.9,15.8,7.5,23.5
LACM,18,Lynx,rufus,female,,,101.4,32.7,41.7,24,44.2,39.2,80.8,57.6,41.1,51.2,11.2,27.2,35.2,26.2,49.5,2.7,2.3,5.9,5.1,6.1,7.8,6.1,12.8,34.8,,5.6,4.5,4.8,6.6,3.8,5.7,8.2,4.1,9.8,4.5,19.3,8.8,30.9,37.5,66.9,12.5,6,12.5,5.7,18.2
MVZ,86916,Lynx,rufus,female,United States,Oregon,127.5,40.2,47.9,29.8,47.6,41.4,90,63.7,39.1,55.2,12.6,29.7,44.1,30.9,56.6,3.3,2.5,6.6,5.4,6.6,9.9,6.6,13.6,37.7,13.8,6,4.8,5.1,7.4,3.9,6.1,9,4.4,10.7,4.9,22.6,9.8,32.8,42.1,77.3,14.7,6.5,14,6.5,20.7
MVZ,78413,Lynx,rufus,unknown,United States,Utah,131.9,38.3,51.4,31.5,48.5,39.6,85.7,58.4,38,53.6,12.7,31.8,41.3,30.6,57.9,3.9,3,7.1,5.8,6.4,10.1,7.1,14.6,38.6,15.2,6.7,5.1,5.5,8.1,4.4,6.3,9.9,5,11.9,5.4,21.5,13,34.6,41.7,81.2,15.8,7.4,15,7.2,23.2
MVZ,113627,Lynx,rufus,unknown,United States,Utah,133.1,39.5,52,32.7,49.8,41.7,94.5,62.9,39.9,57,13,31.8,45.5,30.8,57.7,3.4,3,7.1,6,7.1,9.4,7,14.5,40,14.1,6.4,5.3,5.8,7.3,4.1,7,9.7,4.9,12,5.2,23.3,13.2,37,44.5,83.6,16.7,7.3,15.4,7.2,21.6
MVZ,86915,Lynx,rufus,male,United States,Oregon,135.4,42.6,50.7,29.9,50.9,43,94.3,63.4,40.6,55.2,13.5,31.9,40.3,32.4,60,3.6,3,6.8,5.8,7,10,6.7,15.5,37,14.2,6.6,5.4,6,7.6,4.2,7.1,9.5,4.8,10.8,5.2,23.6,12.3,34.9,42.8,82,15.9,7.6,15.1,7.4,23.7
LACM,52220,Lynx,rufus californicus,female,U.S.,California,103.4,33.9,42.3,26.5,43.2,40.1,79.5,52.2,38.3,51.3,11.5,26.2,38.3,26.4,52.6,,,5.5,4.4,5.8,7.6,5.2,11.9,32.9,14.2,5.1,4.1,4.7,5.9,3,5.8,8,3.5,9.1,3.9,20.1,11.7,29.3,37.8,66.2,12.4,6,11.9,5.6,19.3
LACM,45023,Lynx,rufus californicus,female,U.S.,California,105.3,44,43.3,24,47.1,42.8,83,57.8,40.1,52.4,12.7,29.3,38.9,27.3,52.6,3.1,2.4,5.7,4.8,6,8.1,6.1,12.6,33.8,15.7,6.4,5.5,5.6,6.8,3.9,6.3,8.4,4.2,10.3,4.7,23.1,11.8,32.2,37.6,66.9,13.1,6.1,12.8,5.8,18.7
LACM,45026,Lynx,rufus californicus,male,U.S.,California,109.3,48.6,42.6,25.4,47.1,42.4,84.9,59.3,41.8,55.1,12.4,28.8,41,27.9,53,3.1,2.4,5.7,5.2,6,8.1,6.1,13.5,34.1,14.6,6.1,4.8,5.1,5.8,3.6,5.4,7.7,3.9,10.6,4.4,20.4,12.6,31.5,40.7,70.9,13.9,6.4,13,6.2,18.2
LACM,52210,Lynx,rufus californicus,male,U.S.,California,112,46.5,47.5,28.3,50,44.3,88.4,62.2,43.7,54.7,12.9,31.6,37.5,30.5,54.4,3.8,2.2,7,5.6,6.2,9.1,7,13.5,36.9,14.6,6.2,5.2,5,7.7,3.8,5.9,8.8,4.3,10.9,5,23.6,13.4,31,39.2,73.3,15.5,6.8,14.4,6.3,21.2
LACM,45024,Lynx,rufus californicus,male,U.S.,California,112.6,52,47.3,29,47.3,42,89.5,62.9,41.9,55.4,14.1,32.7,42.7,29.7,53.9,3.6,2.6,7.4,6.3,6.6,8.4,6.8,14.5,37.4,16.2,6.9,5.5,5.6,6.3,3.8,6.3,8.6,4.3,10.2,5.1,22.5,13,32.1,40,72.4,13.6,6.9,14,6.4,21.7
LACM,45022,Lynx,rufus californicus,female,U.S.,California,115.1,50.9,45.8,28.3,48.7,40.1,90.4,63.9,41.6,54.7,12.3,32.1,37.8,30.3,54.6,3.4,2.7,7.4,6.1,6.6,8.9,6.8,14.4,37,16.9,5.3,6.6,5.4,7.3,3.7,6.4,9.1,4.5,12,4.9,24.2,12.3,32.4,39.8,74.2,14.4,7,13.5,6.9,20.5
LACM,45027,Lynx,rufus californicus,male,U.S.,California,115.7,49.9,46.9,27.4,47.9,44,90.8,60.1,36.8,55,15,32.2,40.1,29.4,57.8,3.4,2.3,6.6,5.6,6.4,9.1,7.2,14.6,37,15,6.2,5.2,5.3,7.6,4,6.5,9.5,4.5,11.5,4.6,21.4,13.5,33.9,40.6,73.9,14.5,6.2,13.8,6.3,20.1
LACM,52209,Lynx,rufus californicus,male,U.S.,California,116.8,50.3,50,29.3,48.7,39.8,88.5,62.9,38.7,55.2,12.7,30.8,40.9,29.2,56.1,3.2,2.4,6.6,5.5,6.3,8.9,6.3,13,34.9,15.6,6,4.9,5.1,6.7,4,5.9,8.5,4.6,10.5,4.6,22.6,12.8,32.4,41.9,73.8,15.7,6.9,14.4,6.8,21.7
LACM,31665,Lynx,rufus rufus,female,U.S.,Michigan,108.4,36,42.4,26,48.5,42.1,84.6,55.9,40.3,51.4,13.3,30.2,37.8,29.5,53.8,3.2,2.5,6,5.3,6.4,9,6.1,13.5,33.3,14.8,6.4,4.8,5.5,7.1,3.9,6.4,9.5,4.4,11.5,5.1,22.7,12.5,34.6,40.7,71.5,14.3,7,14,6.7,21.3
LACM,31155,Neofelis,nebulosa,unknown,,,125.4,35.5,51.3,30.2,52.8,42.7,93.2,61.7,34.2,52.8,15.1,34.7,38.5,31.5,58.2,4.6,3.4,8.7,6.5,5.3,9.5,7.5,16,40.8,17.1,7.5,5.8,4.9,7.6,3.8,6.8,10.2,4.9,12.7,5.6,27.6,17.9,37.6,44.6,82.8,16.5,8.8,15,8.2,27.4
USNM,198705,Neofelis,nebulosa,female,Indonesia,Borneo,138.1,41,53.9,32.4,49.9,39.6,93.7,45.9,30.8,50.6,15.7,30,39.4,28.6,57.7,4.9,3.7,8.6,6.5,6.7,10.9,7.9,16.1,47.8,20.7,9.1,5.9,4.7,6.8,3.7,8.8,11.6,5.7,12.5,5.6,27,13.4,37.2,46.6,90.8,16.2,7.7,16.4,6.8,25.8
FMNH,104730,Neofelis,nebulosa,female,Zoo/Southeast Asia,,160.7,43.1,64.5,35.6,56.1,42.2,95.4,47.7,25,52,18.2,35,42.6,30.3,59.4,5.2,3.9,10.3,10.2,,,6.2,19.1,40.4,23.1,10,7,4.1,8.1,3.9,8.3,12.4,5.1,13.2,5.8,24.4,16,38.2,48.5,99.8,19.8,7,18.2,6.5,31.7
FMNH,183653,Neofelis,nebulosa,female,Zoo,,161.4,47.5,67.3,36.7,53.6,42.2,105,44.5,27.8,53.9,16.8,39,46.7,33.1,61.6,5.3,3.9,10.7,8.5,7.7,12.5,9.2,19,55.2,23.9,9.8,7.2,5.6,9.1,4.5,8.4,12.9,5.7,14.2,6.7,31.7,17,45.9,52.6,108.3,20.9,8.9,20.7,7.6,35.8
USNM,196600,Neofelis,nebulosa,male,Indonesia,Borneo,170.5,49.1,70.3,41.1,54.7,42.5,104.2,42.2,34.8,58.1,19.1,38,45.7,33,65.8,5.2,5.1,11.3,8.3,7.3,11.4,9.2,18.7,53.8,24.4,10.6,7.1,5.2,7.5,4.2,10.2,13.8,6.9,14.7,6.4,26.2,18.5,39.3,58.3,112,19.4,9.8,19.2,9.1,29.4
FMNH,54304,Neofelis,nebulosa,male,Zoo/Asia,,170.7,45.7,67.2,40,61.5,47.8,112.5,47.6,30.8,57,18.7,40.8,44.9,33.7,65,4.9,4.1,12,9,7.6,12.3,9.9,20.4,56.7,23.5,11.4,8.4,5.4,10.3,5.2,7.8,13.8,6.3,15.7,7.5,33.3,18.8,44.6,56.5,112.9,20,9.5,20.3,9.3,26.8
FMNH,186436,Neofelis,nebulosa,female,Zoo,,176.9,45,73.6,42.5,62,48.2,111.3,43,27.5,60.9,19.1,45.4,49.9,33.3,68.1,6.1,4.6,13,9.6,8.3,13.7,10.5,20.7,60.3,25.6,11.7,9,6,10.2,4.8,8.1,14,6.7,14.7,7.4,31.8,19.7,44.2,59,119.1,24.5,10.1,25.4,9.1,38.7
USNM,A49974,Neofelis,nebulosa,male,Indonesia,Borneo,192.1,53.5,74,46.5,62.2,45.9,126.4,51.5,31,56.6,18.9,42.8,51.9,33.9,73.9,5.9,5.2,12.8,10.5,8.5,15.1,10.8,18.7,62,26.9,11.8,8.5,5.7,9,5,10.8,14.2,7.1,15.6,6.9,35.7,21.3,52.1,64.6,126.9,21.2,11.2,22.4,10.8,38.5
FMNH,42583,Neofelis,nebulosa macrosceloides,female,India,,142.2,39.2,58.4,32.5,49.5,39.7,90.8,34.6,27.7,51.6,15.2,32.4,40.1,29.5,56,4.7,3.8,9,7.1,7.1,10.5,7.8,17.4,47.3,20.6,9.4,6.3,5,7.9,4,8,11.5,5.2,12.3,5.5,25.9,15.9,38.3,46.4,93.9,17.3,7.8,18.2,7.3,27.3
FMNH,75830,Neofelis,nebulosa macrosceloides,male,India,Manipur,168.8,46.9,69.8,67.6,57.8,43.7,107.6,36.5,25.8,57,18.1,40,48.5,33.6,62.7,5.9,4.2,10.9,8.8,7.6,13.5,11,20.3,53.7,25.3,10.7,8,5.8,10.3,5,9,13.9,6.6,16,7.2,36.2,17.8,43.4,54.8,107.8,18.6,10.5,19.6,9.4,32.4
MVZ,139613,Oncifelis,colocolo,unknown,Peru,,96.2,29.4,35,19.4,36.6,33.4,64.5,41.8,27.7,44.6,10.9,22.4,31.7,23.7,41.1,2.6,2.1,5.4,3.8,4.7,6.6,5.3,11.2,27.2,11.6,4.9,3.8,4.1,5.7,3.1,4.8,7.1,3.6,8.8,4,14.8,8.1,21.9,31,58,10.7,5.4,9.3,5,16.3
MVZ,114942,Oncifelis,colocolo,male,Peru,,96.8,31,36.3,20.2,38,33.1,70.2,44.2,28.5,43.3,10.2,23.4,29.3,24.2,42.7,2.6,2.1,5.2,3.9,5.2,6.8,5.4,11.7,28.3,12.5,5.4,4,4.1,5.8,2.9,5.2,7.4,3.6,9.2,3.8,17.7,10.2,23.2,31.1,58.4,11,5.3,10.9,5,16.9
MVZ,114777,Oncifelis,colocolo,female,Peru,,96.9,30.1,35.7,20.1,38.8,33.3,70,41.9,29.8,44.4,10,22.7,33.9,24,44.9,2.4,1.9,4.9,3.9,5,7.5,5.1,11.6,27.8,11.7,5,3.6,4.1,6.1,3,5,7.5,3.6,9.3,4.2,17.6,9.8,22.7,32.3,59.2,11.7,6,11.6,5.5,16.4
MVZ,114943,Oncifelis,colocolo,male,Peru,,100.6,32.5,35.6,19.9,37.7,33.8,71.8,46.9,27.1,41.7,9.2,22.8,30.6,24.8,42.4,2.4,1.6,5.1,3.9,3.9,6.7,5,11.1,28.4,11.8,5.1,3.9,3.6,5.2,2.8,4.2,7.1,3.4,8.7,4.1,19,8.9,22.9,32.6,60.4,12.1,5.5,12.2,5.1,16.5
FMNH,104925,Oncifelis ,colocolo,female,Zoo/South America,,80,21,31,17.2,32.7,26,54.8,39.6,26.1,38.4,10,19.6,26.8,19.3,35.5,2.2,2,4.2,2.9,4.7,6.3,4.4,9.5,24.2,8.3,3.6,2.8,4.5,4.5,2.5,4.7,6.3,3.5,7.4,3.4,11.9,7.5,18.8,25.5,48.7,8.3,3.9,8.4,3.2,11.6
FMNH,24370,Oncifelis ,colocolo colocolo,male,Chile,Valparaiso,103.6,30.5,38.2,22,41.6,35.4,75.7,44,29.2,46.1,9.9,25.5,31.3,23.6,45.9,2.3,2,5,4.7,4.8,7.4,5.2,11.8,29.3,10.9,5.4,4,4.4,5.5,3.2,5,7.1,3.4,9.7,3.8,18.7,10.2,28,37.8,66.1,13.2,6.5,12.4,6.1,19
FMNH,68318,Oncifelis ,colocolo garleppi,female,Peru,Cuzco,87.8,25.3,31.4,17.2,32,30,60.8,42.4,29.4,43.8,9.4,20.5,28.9,22.7,38.9,2.2,1.9,4.6,3.1,4.4,6,4.4,10.9,25.9,10.2,4.1,3.1,4,4.6,2.5,5.2,6.2,3.4,7.1,3.4,12.2,8,20.9,29,52.6,9.1,4.5,9.2,4.4,13.9
FMNH,80994,Oncifelis ,colocolo garleppi,male,Peru,Apurimac,96.5,24.8,34.3,19.9,37.4,31.2,67.2,43.5,25.1,43.1,9.3,23.4,31.1,23.7,40.3,,,5.8,3.9,5.5,8.6,6,12.2,29,12.3,5.1,3.9,4.6,5.9,2.9,5.7,8.5,3.8,9.4,4.2,16.9,8.6,25.6,32.7,57.9,10.5,5.3,10.8,5.1,17.6
FMNH,52488,Oncifelis ,colocolo garleppi,male,Peru,Puno,96.6,26.6,34.5,19.8,38.5,31.4,71.8,47.5,29.3,45.5,10.2,24,30.7,25.3,41.8,,,5.4,4.2,4.6,6.7,5.3,10.6,27.8,10.2,4.8,3.9,4.5,5.5,3,4,7.1,3.5,8.7,3.7,18,10.3,26.5,34.1,60.6,11.3,5.9,11.2,6,16.6
FMNH,43291,Oncifelis ,colocolo thomasi,male,Ecuador,Napo,89.3,23.7,30.7,17.7,33.6,27.1,62.6,42.7,27.5,40.1,9.1,22,27.4,21.7,37.7,2.3,1.7,4.9,4.1,3.2,6.4,4.9,10.7,26.2,9,4.4,3.9,3.7,5.2,2.6,2.9,6.8,3.3,8,4.1,15.7,9.6,23,30.6,55.2,11,5.4,9.7,4.8,14.9
MVZ,145343,Oncifelis,geoffroyi,male,Paraguay,,91.6,31.1,34.4,18,34,31.7,59.7,40.5,27.5,42.2,10.2,20.2,30.3,24.2,40,2.6,2.5,5,3.8,4.8,7,5,11.4,27.9,10.5,5.1,3.6,3.7,5.8,2.3,4.8,7.3,3,8.6,3.5,15.4,8.8,20.3,29.1,54.4,9.9,4.6,9.7,4,13.9
USNM,331067,Oncifelis,geoffroyi,female,Argentina,Azul,92.2,32.7,35.4,19.1,39.4,33.2,63.9,36.2,27.2,46.8,11.9,22,32.5,23.9,43.8,3.2,2.5,5.7,4.7,5.4,7.5,5.9,12.3,28.7,10.9,5.6,4,4.2,6.2,2.8,5.3,8,3.4,8.9,4,17.5,9.5,24.3,30.2,55.8,10.7,6,10.1,5.5,15.1
USNM,270509,Oncifelis,geoffroyi,male,Zoo,,92.9,29.2,35,18.4,36.3,30.2,62.6,39.2,27.3,41.9,10.9,22.1,29.4,24.1,40.1,2.7,2.5,5.1,4.1,4.7,6.9,5.1,10.2,27.7,10.4,5.1,3.8,3.7,5.2,2.7,4.7,6.9,3.3,8.2,3.7,14.4,9.2,20.9,29.5,54.5,10.2,4.5,10.1,3.5,15.5
USNM,297847,Oncifelis,geoffroyi,female,Zoo,,94.8,32.2,37.1,21,36.3,32.2,68.9,44.5,27.6,43.9,10,22,30.5,22.2,42.8,3,2.6,4.9,3.8,4.8,7,6,11.6,28.6,10,4.7,3.4,3.8,5.7,2.9,5.1,7.3,3.3,8.5,3.8,13.6,9.1,24.5,30.9,57.8,10.6,5.4,10.3,4.9,16.9
MVZ,145342,Oncifelis,geoffroyi,male,Paraguay,,96.8,30.7,35.5,19.8,34.6,29,63.1,40.1,27.2,42.8,11.1,22,29.4,23.4,39.2,2.9,2.4,5.4,4.4,5,6.7,5,10.8,29,10.8,5,3.8,4.1,5.1,2.6,5.3,6.6,3.3,8.2,3.5,15.3,9.3,23.8,29.7,56,10.6,5.1,10,4.7,16.3
FMNH,121290,Oncifelis ,geoffroyi,male,Zoo/South America,,86.9,29.5,35,20.3,37,30.2,64,41,28.5,42.2,11.2,22.7,29.6,22.7,38.1,,,5.5,4.2,5,7.8,5.7,12,28.2,10.3,4.9,4,4.9,6.1,3,5.3,7.3,3.5,8,3.7,15.6,8.5,24.7,31.2,57.1,10,5.1,9,4.4,16.1
FMNH,134485,Oncifelis ,geoffroyi,female,Zoo/South America,,89.5,28.6,34.5,18.3,34.2,30.5,62.7,43.7,27.2,41.4,10,21,28.9,22.7,40,2.2,2.4,4.3,3.2,,,4.3,10.8,25.8,,4,3,,,,4.6,6.4,3.1,7.7,3.6,16,7.2,25.8,29.8,55.5,9.5,5.5,9.8,5.5,14.1
FMNH,129394,Oncifelis ,geoffroyi,male,Zoo/South America,,96.2,31,33.6,18.6,33.8,30.8,67.6,48.4,28.5,43.2,9.2,20.1,28.7,22.7,41.3,2.6,2.4,4.8,3.6,4.7,6.8,4.6,11,27.9,10.5,4.9,3.7,3.7,5.4,2.7,4.8,7.2,3.2,7.8,3.6,18.4,9.5,25.6,33.5,58.9,10.5,4.5,9.9,4,15.1
FMNH,28404,Oncifelis ,geoffroyi geoffroyi,male,Uruguay,Soriano,103.7,35.3,39.4,22.6,38.9,34.6,70.7,42.8,29.7,47.4,12.3,23.9,32.5,24.4,43.6,3,2.4,5.8,4.4,5,7.9,6.4,13.1,31,11.7,5.5,3.9,4.7,6.3,2.9,5.3,8.2,3.7,9.1,3.9,17.9,9.6,27.7,33.7,63.8,12.2,6.1,11.2,5.6,16.5
FMNH,24360,Oncifelis ,geoffroyi salinarum,female,Argentina,Jujuy,84,27.6,31.8,17.3,32.8,28.1,54,,28.3,39.9,11.3,19.7,27.2,22.2,37.3,2.7,2.2,4.3,3.2,4.8,6.3,4.8,10.5,24.7,9.7,4.6,3.1,3.8,5.8,2.3,4.8,6.8,2.8,7.7,3.6,13.6,7.5,21.6,26.6,50,8,4.8,7.9,4.2,13.4
FMNH,24359,Oncifelis ,guigna guigna,male,Chile,Los Lagos,82.7,27.6,30.5,17,29.9,25.4,53.4,35.1,25,37.7,9,18.6,25.6,21.5,34.5,2.1,1.8,3.9,3.2,3.8,5.7,4.7,9.2,23.8,8.6,4,2.7,3.2,4.9,2,3.8,5.7,2.6,6.5,2.8,13,8.1,21.6,28.7,50.2,8.6,4.2,8,4,12.3
FMNH,24417,Oncifelis ,guigna tigrillo,male,Chile,Valparaiso,96.8,35.5,35.5,20.7,34.2,30.8,63.4,42.3,25.9,40.5,10.2,23.3,30.9,23.7,39.8,2.8,2.4,4.6,3.7,4.8,7,6,10.5,26.6,9.3,4.4,3.8,4,5.7,2.5,4.9,7.1,3.2,7.6,3.7,15.6,9.4,25.3,33.6,58.9,10.8,5.8,9.8,5.2,16.3
MVZ,116317,Oreailurus,jacobita,male,Peru,,100.8,33.4,37.8,21.9,38.8,34.5,68.9,41.7,29.2,49.9,12.9,25.3,32.4,25.6,45.5,3.1,2.5,5.9,4.7,5.8,8.2,6.7,14,31.2,13,6.2,4.4,5.4,7,3.6,6.3,9,4.3,10.9,4.5,17.3,10.7,25.9,32.9,62.4,10.7,6.9,10.4,6.4,19
LACM,90728,Otocolobus,manul,female,,,76.1,22.7,32.6,18,38.7,33.3,66.3,55.5,35.9,45,9.1,22.8,29.8,21.3,44.2,2.2,2,4.3,3.8,4.2,6.6,5,11.4,28.7,11.6,4.2,3.5,3.7,5.6,3.1,4.7,5.9,3.2,9.1,3.8,16.1,8.2,20,28.5,52.5,10.4,5.8,10,5,14.9
FMNH,57629,Otocolobus,manul,unknown,Zoo/Asia,,77,24.6,29.3,19.1,37.9,30.6,59.2,43.7,35.9,43.9,9.1,19.9,29.5,21.1,42.2,2.3,1.6,4.3,3.6,5,6.2,4.3,10.5,25.1,9.3,4.4,3.5,4.2,5.6,2.6,4.9,6.5,3.2,8.9,3.5,14.4,8.5,20.1,24.6,48.7,8.5,5.2,8.3,4.9,12.1
FMNH,125386,Otocolobus,manul,female,Zoo/Asia,,80.5,20.7,33.9,18.6,40.6,31.6,68.1,55,34,42.4,8.7,22.8,30.8,21.5,47.4,2.2,2,4.4,4,4.1,6.7,4.6,10.9,27.4,7.8,4.1,3.5,3.7,5.6,2.6,4.3,6.7,3.2,8.9,3.7,16.7,8.4,24.4,29.8,55.8,10.3,5.5,10.6,4.8,12.7
FMNH,129496,Otocolobus,manul,female,Zoo/Asia,,84.1,22.6,32.7,18.7,37,32.3,65.3,53.3,35.5,44.4,9.3,22.3,28.8,21.4,44.2,2.2,1.5,4.1,3.3,4.9,5.9,3.9,10.2,26.1,9,3.8,3.6,4.1,4.4,2.5,4.3,5.9,2.8,9.1,3.6,18.7,9.5,26.4,30.6,54.3,10.6,4.9,10.2,4.3,13
FMNH,60733,Otocolobus,manul,unknown,Zoo/Asia,,87.8,26.9,33.8,19.6,40.8,32.3,66.8,52.6,38.2,47.2,8.7,22.1,31.3,23.3,48.5,2.3,2.2,4.4,3.7,5.6,6.4,4.7,11.4,27.4,11,4.2,3.4,4.6,5.6,2.8,5.4,7.7,3.1,9.6,3.9,16.9,7.8,21.5,29.6,55.9,9.3,5.3,9.5,4.9,12.1
FMNH,60612,Otocolobus,manul,male,Zoo/Asia,,90.6,28.8,35.2,20,37.5,34,67.9,50.9,33.5,45.2,9.4,22.7,34.7,23.4,48.6,2.3,2,4.6,3.8,5,6.9,4.3,10.7,27,11.1,4.5,3.7,3.6,5.4,2.7,4.6,6.2,3.3,9.4,3.7,18.8,10.1,22.5,31.2,57.3,9.7,5.3,9.7,4.9,12.6
FMNH,60691,Otocolobus,manul,female,Zoo/Asia,,90.6,22.7,34.3,22.1,38.6,32.2,67.8,52.8,37.6,44.4,7.7,22.2,32.3,22.2,48.6,2.2,1.8,4.3,3.7,5.2,6.2,4.5,10.5,27.8,9.6,4.2,3.7,4.2,5.5,2.8,5,6.7,3.3,9.5,3.5,17,8.5,21.6,30.3,55.2,9.3,4.7,9.6,4,13
FMNH,60734,Otocolobus,manul,female,Zoo/Asia,,90.8,22.6,34.5,20.7,41.7,33.9,70.2,56.6,33.8,46.3,8.9,23.9,33.1,21.9,48.8,2.3,1.8,5.5,4.3,6.2,7.1,4.8,11.8,29.4,12.8,5.2,4.1,4.5,6.6,3.2,5.8,6.9,4,9.6,3.9,18.4,8.2,25.2,32,58.8,10,5.6,10.5,5.5,13.9
FMNH,135737,Otocolobus,manul,male,Zoo/Asia,,91.5,25,36.4,21.2,39.3,35,72.4,56.7,35.7,47.3,9.4,23.9,32.3,23.8,49.2,2.5,2.1,4.7,3.8,4.4,6.6,4.5,11.3,29,12.1,4.8,3.7,4,5.3,2.7,4.6,6.6,3.1,9.5,3.6,19.7,9,25.8,32.8,60.9,11.2,5.7,11.5,5,12.5
FMNH,60611,Otocolobus,manul,male,Zoo/Asia,,92,31.1,34.7,20.9,40.4,35.5,70.4,57.1,35.3,47.5,10.1,24.1,33.6,24.6,51.3,2.4,2.3,4.8,4.3,5.6,7.3,4.9,11.9,29.8,13.3,5,4.2,5.2,6,2.9,5.7,7.6,3.4,10.3,3.8,18.9,8.6,24,31.7,58.9,8.3,5.8,9.8,5.1,13.7
LACM,51567,Panthera,leo,female,,,250.5,,114.9,70.9,115.9,79,193.1,97.2,57.9,87.3,40.9,74.8,90.3,55.7,112.7,10.9,8.5,20.8,13.3,13.1,20.7,14.8,32.2,88.4,35.3,17.8,11.9,9.5,13.7,7.4,14,21.7,11.4,22.7,11.5,54.4,41.8,80.4,96.7,181.5,38.2,19.9,33.3,18.5,54.2
LACM,51294,Panthera,leo,unknown,Kenya,,260.7,107.7,129.7,79.7,115.7,77.5,187.8,89.6,57,90.3,41.1,79.4,90.9,58.8,112.9,11.6,9.3,22.3,15.5,14.8,23.5,16,32.3,93.6,38.1,19.3,12.7,10.4,15.6,8.5,16.5,24.3,10.8,24.3,12.2,56.5,37.1,79,95.8,186.4,34.3,19.7,34,17.2,52.7
LACM,54393,Panthera,leo,unknown,Kenya,,263.1,102.8,122.5,76.5,115.2,75.4,197.1,95.4,62.5,95.2,38.6,77.6,92.8,58.2,116.2,,,23.1,15.1,14.5,23.1,15,34.4,94.1,43.1,21.8,13.1,10.5,16.5,8.4,16.1,23.7,11.7,24.3,12.3,56.9,37.8,84.1,96.1,190.3,34.7,19.1,33.2,17.4,56.9
LACM,30786,Panthera,leo,female,,,271.4,117.6,129.7,77.6,116.4,74.4,193.3,90.5,62.7,89.7,40.8,80.9,97.3,58.3,118.7,11.1,9.8,22.6,15.4,14.1,23.8,16.5,33.7,97.2,40.2,21.3,13.7,10,16.9,9.6,16.3,24.9,12.6,26.2,13.4,61.4,42.8,88.4,103.1,204.6,39.1,21.2,36.4,18.6,56.5
LACM,31182,Panthera,leo,unknown,,,271.48,121.4,125.6,86,115.3,97.1,198.3,91.9,62.3,93.6,41.7,84.2,104.61,63.6,122.1,12.6,10,24.2,18.1,15.3,23.8,17.3,35.8,98.1,41.8,21.4,15.9,10.1,18.7,9.9,15.3,25,12.8,26.7,13.1,63.2,40.4,74,99.5,199.1,40.8,21.4,37.3,19.4,55.5
LACM,51295,Panthera,leo,unknown,Kenya,,300.5,,149.5,,131.5,,,,66.7,103.1,43.7,95.6,,,,12.3,9,27.1,18.4,15.8,25.9,17.6,35.5,111.4,,,,,,,,,,,,,,,,,,,,,
LACM,51297,Panthera,leo,unknown,Kenya,,315.3,124.5,143.1,87.7,130.6,90.3,231.5,104.4,63.8,96.1,42.2,88.3,101.9,61.3,136,11.7,9.5,25.1,16.8,15.2,24.9,16.7,34.5,103.4,,,,,,,,,,,,,,,,,,,,,
MVZ,96804,Panthera,leo,male,Tanzania,,331.3,81.4,157,92.2,116.3,85,216.4,101.3,65.6,104.4,43.2,89.4,114.9,61.2,133.1,11.4,10.4,23.9,18.2,13.8,23.9,17.5,36.8,102.2,37.9,21.9,15.8,10.1,16.6,9.9,15.6,25.9,13.9,28,15,64,38.5,102,109.7,217.1,43.3,21,39.4,19,63.7
LACM,54585,Panthera,leo,male,Uganda,,331.4,145.2,155.7,98.7,129,82.4,245.9,125.9,74.4,104.7,49.3,97.1,107,68.3,140.8,13,11.8,26.8,19.3,16,27.6,19,39.5,110.4,48,23.9,17.7,9.6,20.4,10.6,18.8,29,13.9,29.2,15.6,74.4,40.4,98.3,122.3,224.7,50.5,25,46.6,23.9,72.5
MVZ,184075,Panthera,leo,unknown,unknown,,346.8,85.7,157.5,95.8,114.9,82.8,211.6,106.9,63.6,100.3,42.2,87.3,102.7,59.5,129.3,12.1,10.5,24.3,17.5,15.1,24,17.1,35.3,104.9,39,22,16.1,10.9,17,8.6,17.1,26.7,12.9,26.8,13.8,67.4,42.5,112.6,121.7,230.1,45.4,21.3,43.8,19.3,68.6
MVZ,124260,Panthera,leo,male,Uganda,,389.2,91.8,173.4,107.6,126.9,89.9,261.7,122.8,68.9,108,49.3,99.1,117.3,68.6,151.6,12.8,10.7,28.6,20.2,16.2,27.1,18.4,39.8,117.9,43.2,25,18.3,10,19.4,9.8,17.1,29.8,14,28.5,15.6,86.7,43.4,116.6,130,248.4,51.3,25.7,47.7,24.1,78.7
LACM,51569,Panthera,onca,unknown,Bolivia,,190,86.1,82.8,50,86.9,54.9,137,62.3,49,74.1,30.1,59.1,68.4,43.2,86.7,9.6,7.2,16.3,12.4,10.9,17.9,14.8,25.6,70.6,32.6,16.4,12.4,8.7,15.6,7.6,12.8,20.5,9.5,19.6,9.9,36.3,21.3,50.8,62.3,134.2,26.3,14.4,26.1,12.5,44.2
LACM,90778,Panthera,onca,unknown,,,190.1,89.6,81.1,47.2,83.8,57.7,141.1,65,42.7,71.4,27.1,57.8,63.8,39.7,88.7,7.7,5.6,14.4,11.6,10,16.1,12.1,21.3,66.6,27.5,14.3,10.3,8.3,13.5,6.4,11.1,17.5,8.2,16.1,9.2,39.8,28.3,58.4,70.7,136.5,25.8,13.9,27.3,12.3,48.9
MVZ,4830,Panthera,onca,unknown,Guyana,,212.5,56.9,90.2,56.8,79,56.3,140.5,65.5,43.6,72.9,26.9,53.9,70.4,42.2,89.1,7.5,6.2,14.4,10.8,10.1,16.7,12.8,24.8,67.7,26.6,13.5,10.2,7,11.9,6.4,11.5,17.4,9.3,18.7,8,42.3,21.3,45.9,63.9,129.4,27.6,15,25.9,13.8,40.9
LACM,29321,Panthera,onca,male,Mexico,,213.4,95.5,92.8,59,84.1,74.7,165,,46.3,81.4,29,63.8,67.4,43.5,95.1,9.1,6.8,16.4,13.9,10.6,15.3,12,24.1,73.1,32.2,14.6,11.5,7.5,13.2,6.9,11.2,17.1,8.7,18.6,8.7,44.5,26.3,68.5,74.6,149.3,30.1,14.2,28.4,13.8,49.9
MVZ,170603,Panthera,onca,unknown,Venezuela,,222,61.6,93.9,55.6,80,61.8,152.7,64.1,42.7,70.9,26.9,57.9,72.1,42,93.3,8.1,6.6,15,12.5,10.5,16.2,12.8,24.1,68.7,27.3,14.7,11.1,8.2,13.7,6.7,11.7,18.7,9.1,17.2,8.8,,22.2,58.7,70.2,138.8,29.3,13.3,27.3,13.1,47.5
MVZ,4900,Panthera,onca,male,unknown,,235,60.4,103.7,62.8,82.6,64.3,164.2,66.1,37.9,74.2,28.6,66.4,69.5,43.2,99.5,8.7,6.2,18.4,15.3,10.1,17.4,13.2,24.6,74.4,29.5,16.3,12.4,7.1,13.8,6.4,10.8,19.2,8.1,18.9,10,46.8,23.4,73.1,78.9,151.7,31.4,15.9,30.1,15.2,56.7
MVZ,35317,Panthera,onca,unknown,Mexico,,270.5,77.5,112.5,67.7,91.4,63.9,177.4,73.8,46.4,82.9,33.2,72.2,75.9,46.8,106.6,11,7.6,19.9,14.7,9.6,17.8,13.7,27,77.7,29.8,17,12.6,7.9,14.6,7.1,11.2,19.2,8.9,20.5,9.7,54.4,31.2,72.2,88.3,167.9,35.6,15.2,33.9,14.9,51.4
UCLA,2216,Panthera,onca hernandesii,unknown,Sonora,Mexico,216,56.7,83.9,52.6,77.7,59.9,141.8,58.3,41,69.3,27.1,55.3,64.2,39.7,83.1,8.1,6.2,15.5,13.3,9.4,14.9,12.3,24.3,67.1,27.9,15.5,11.1,7.2,11.9,6.1,11.1,17.3,8.1,19.2,9.4,42.9,22.4,60.4,71,140.2,27.9,12.4,26.7,10.9,45.6
LACM,33328,Panthera,onca hernandesii,female,Mexico,,217.1,96.9,92.9,60.6,93.8,67.4,167.7,68.4,43.6,78.2,30.7,64.7,74.3,50.1,100.5,,,18.2,14.6,10.6,15.9,13.4,26.1,72.8,32.8,17.3,12.3,7.9,12.7,6.9,11.9,18,8.9,19.9,10.3,47.4,32,64.7,80.6,153.7,29.5,14.3,27.7,13.7,49.4
LACM,92609,Panthera,onca paraguensis,unknown,Argentina,,237.8,99.2,101.8,70.8,94.6,73.4,166.9,74.3,53.7,82.5,35.8,74.3,81.6,50.5,111.4,10.1,7.9,20.9,16.3,12.7,19.5,15.7,28.4,83.1,37.9,18.6,14.7,10.3,16.5,9.2,14.7,21.1,10.9,21.4,11.4,52.2,32.9,73.4,84.4,170.4,35.3,16.1,34.4,16.6,56.8
LACM,92610,Panthera,onca veraecrucis,female,Mexico,,199.3,90.5,83.7,52.2,83.6,61.3,153.5,68.8,46.6,73.7,27.1,57.6,67.4,45.7,93.2,7.9,6.1,13.4,12.3,9.6,15.1,12,23.7,67.9,27.5,14,11.1,7.4,11.5,6.6,9.7,16.9,8.1,17.9,9.3,46.8,31.3,61.5,74.3,139.4,26.5,12.5,25.8,11.7,44.7
LACM,54508,Panthera,pardus,unknown,India,,169,75.9,77.2,49.7,71.8,53.6,122.7,64.7,45.4,69.1,22.6,46.8,55.5,37.3,76,6.6,5.6,12.8,9.8,8.9,14.7,11.7,21.4,58.2,25.8,11.4,8.3,6.5,10.6,5.8,10.4,15.8,7.8,15.1,7.1,35.4,18.2,48.4,55.9,110.6,23,12.4,21,11,33
LACM,51560,Panthera,pardus,unknown,,,183.4,73.5,83.4,50.2,80.3,65.5,129.4,58.1,43.7,71.4,32.5,56.7,68,39.9,86.2,8.7,7.3,15.5,12.4,11.3,18.3,13.5,27.3,69.3,28.3,15.6,10.9,7.9,14.5,7.1,12.3,19.5,9.2,19.5,10.4,32.8,20.6,46.6,56.9,117.5,25.1,12.9,24.9,11.9,43.8
LACM,52169,Panthera,pardus,unknown,,,187.5,81.2,86,54.9,67.6,53.4,123.9,57.4,37.8,66.7,21.5,46.6,61.6,41.1,79.7,6.7,5.1,12.6,9.5,8.4,14.8,11.5,21.8,65.3,24.4,10.8,7.7,6.7,9.4,5.9,9.7,16.3,7.9,16.5,7.8,35.2,24,47.6,62.6,116.4,21.6,11.6,22.6,11.6,35.8
LACM,648,Panthera,pardus,unknown,,,188.1,82.2,85.3,50.2,76.6,58.2,137.7,71.1,43.3,75.4,23.7,55.8,66.2,43.6,85.4,,,,,,,,,,,16.5,12.2,,11.9,5.5,9.3,17.1,8.6,16.8,8.4,36.5,21.4,54.2,67.4,126.3,24.6,14.1,24.9,12.1,40.6
LACM,52523,Panthera,pardus,male,Kenya,,198.5,88.5,94.9,62.2,83.3,60.7,147.9,70.5,42.9,73.4,23.3,54.2,63.9,39.1,89.5,6.5,5.5,14.1,10.6,8.9,16.1,11.5,21.8,63,21.9,12.6,9.7,6,11.5,5.3,9.1,16.3,7.5,16.7,7.4,41.8,27.1,58.3,67.9,126.5,26.8,13.2,25.5,12.5,45.8
LACM,31068,Panthera,pardus,male,,,201.4,88.4,90.2,56.3,83.6,61.5,141.8,63.9,40.4,72.5,26.2,56.5,66.8,40.4,90.8,7.3,5.4,15.1,11.8,11.5,16.9,12.6,23.8,69.3,28.6,13,9.9,9.1,12.9,6.1,13.5,17.9,10.2,18,9.2,43,20.3,56.5,73.5,131.6,26,13.8,26.1,13.2,41.1
LACM,51562,Panthera,pardus,unknown,India,,210.8,95.7,97.1,59.8,80.2,60.6,148.5,69.8,42.5,78.8,24.9,53.8,65,43.6,95.8,7.5,5.8,14.3,11.1,10.4,17.7,12.5,24.6,70.6,32.8,13.4,9.9,7.6,12.4,5.8,12,18.1,8.4,18.9,8.3,44.2,27.6,60.3,74.1,136.3,29.2,13.7,28.2,12.5,46.8
LACM,56788,Panthera,pardus,male,Kenya,,225.7,100.7,109.9,64.3,81.2,58.9,155.8,73.6,43.2,78.4,25.4,56.1,71.9,43.6,94.1,7.1,5.6,15.7,11.9,10.4,17,13.1,26.2,75.5,32.8,12.9,10.1,7.4,13.4,6.4,12.4,17.8,9.1,19.5,8.4,54.2,21.5,60.3,79.5,143.2,28.4,13.3,26.1,13.7,48.3
MVZ,185203,Panthera,pardus,unknown,Namibia,,228.6,57.9,100.1,59.6,77.6,60.3,143.5,60.4,38.9,74.1,27,56.9,69.1,40.6,93.7,8.1,6.5,17.7,12.7,8.4,17.3,13.3,25.5,73.2,33.1,14.8,11.3,5.6,13.3,6.3,10.5,19.8,9.1,20.7,8.9,36.3,19,56.6,70.9,141.8,26.9,14.2,26.8,12.5,45.5
MVZ,126802,Panthera,pardus,male,Gabon,,234.3,64.3,101,61.1,74,55.7,151.8,73,38.2,74.5,24.2,55.8,66,44.6,89.7,7.3,5.6,16.6,11.8,9.9,16.3,12.8,26.2,70.3,29.9,15.2,11,7,12.2,5.9,11.6,17.5,8.5,20.5,8.6,41.5,23.7,59.6,74.4,146,28.9,12.8,27.2,12.1,41.7
MVZ,124262,Panthera,pardus,male,Uganda,,259.7,70.7,112,67.2,78.3,62.2,160.3,75,40.9,76.2,26.3,56.2,79.3,47.9,100.3,7.6,5.6,15.1,11.1,10.1,17.2,12.1,24.5,77.1,30.3,14.3,10.6,7.1,12.5,6,12.2,19.4,8.7,19.6,9.1,45.8,27.3,64.1,80.9,160.5,34,14.5,31.8,13,51.2
LACM,31207,Panthera,tigris,unknown,,,241.6,102.9,123.7,73.9,106.6,75.1,184.8,80,56.2,82.9,36.5,75.9,85.3,52.7,105.8,9.2,7.1,,,10,18.8,14.8,29.9,80.6,,,,,,,,,,,,,,,,,,,,,
LACM,54239,Panthera,tigris,female,India,,261.7,112.2,124.7,76.5,114.6,81.2,196.1,88.5,61.7,95.5,41.7,88.6,88.1,51.6,118.2,,,23.2,17.3,10.5,21.3,15.9,32.8,93.6,55.7,24.5,15.3,9.4,14.6,7.7,14.7,23.3,11.3,26.1,12.6,57.1,39.1,74.7,92.6,189.9,36.1,20.9,35.8,18.3,63.5
LACM,51343,Panthera,tigris,unknown,Burma,,275.9,121.3,129.9,78.5,120.5,76.9,196.9,95.8,67.5,100,41.9,80.8,105,55.3,121.1,13.8,10,23.1,17.8,14.5,26.2,19.3,35.2,95.6,,,,,,,11.9,19.5,9.2,21.5,11.5,48.2,30.5,65.7,84.7,160.4,32.7,17.9,32.7,16.8,58.1
LACM,9223,Panthera,tigris,male,Burma,,279.8,115.4,140.4,76.9,117.6,75.1,203.4,87.5,57.2,91.8,41.8,86.3,100.7,58.7,122.1,12.4,9.5,26.2,19.9,13.9,22.8,17.7,32.3,98.6,46.2,23.8,16.5,10.4,16.3,8.6,15.5,22.8,11.2,26.2,12.3,62.8,42.1,79.6,100,195.4,38.9,21.4,37.7,17.6,62.5
USNM,253289,Panthera,tigris,female,India,Hoshangabad district,287.3,72.2,130.4,72.5,99,75.7,186.1,84.2,60.1,93.6,38.2,77.7,94.3,51.6,113.4,10.7,9.5,20.3,15.7,11.7,19.8,15.5,31.7,86.7,37.6,18.6,14.3,8.4,14.4,7.5,13.8,21.1,10.5,23.6,12.5,56.4,26.7,73,96.9,181.8,34.6,18.8,33.4,17.1,61.2
LACM,54255,Panthera,tigris,unknown,India,,287.4,115.6,150.8,87.2,113,115.8,227.1,102.5,59.6,96.3,42.8,88.2,97.1,57,126.8,,,24.9,17.8,12.1,21.8,17.2,31.3,93.2,50.1,22.6,16.5,9.9,15.9,8.1,15.3,23.2,10.7,27.4,13.1,70.4,44.2,84.7,115.5,209.6,41.8,22.9,41.3,20.8,67.6
LACM,37654,Panthera,tigris,unknown,Sumatra,,288.5,128.3,140.2,81.8,120.7,90.1,225.7,93,55.7,93.3,42.6,90.3,91.2,54,125.1,10.9,9.7,25.8,19.4,11.5,20.7,16.4,31.3,96,44.8,22.4,16,8.3,14.6,7.7,13.5,22.5,11,25,13.1,60.2,39.5,85.7,107.9,194.2,42.2,23.1,40.8,20.4,72.2
USNM,253285,Panthera,tigris,unknown,India,Narbada river drainage,297.2,80.3,139.4,79.7,109.8,85.8,207.8,90.6,56.4,93.5,39.4,78.5,99.7,55.1,121.1,10.8,8.3,20.8,15.5,10.6,20.3,14.6,31,91.8,36.4,18.7,13.8,7.9,13.5,6.8,13,22.2,10,22.9,10.9,60.1,30.7,74.4,99,195.3,34.3,20.5,34.2,16.7,64.5
LACM,52182,Panthera,tigris,unknown,India,,308.5,133.1,152.8,96.7,118.8,96.6,239.5,100,58,106.3,44.6,94.7,98.9,61.2,136.1,12.5,11.9,26.8,19.8,14.2,24.5,18.3,35.8,103.7,48.6,24,17.1,9.9,17.5,9.3,15.4,23.9,11.6,27.1,13.6,69.4,48.2,88.4,119.6,220.3,40.8,23.4,40.1,21.1,67.3
MVZ,189634,Panthera,tigris,female,United States,California; exotic animal training,311.9,75.6,137.9,85.9,110.9,86,206.7,97.7,57.4,92.8,42,85.5,95,56.1,124.5,11.6,9.1,22.5,17.4,12.8,22,16.9,34.1,97.4,40.2,22.7,14.6,9.7,16.5,8.6,15.1,23.2,10.6,24.5,12.8,48.8,31.6,75.4,100.8,197.6,36.2,18.5,39.1,16.7,67.5
LACM,51556,Panthera,tigris,unknown,,,315.5,132.5,151.8,93.6,132.3,94.5,260,110.4,69,105.3,47.1,98.4,103.3,60.9,131.9,13,11.4,,,14.8,24,18.4,37.2,107.6,50.8,24.1,17.4,9.4,17.2,9.3,16.9,23.3,12.4,30.6,14.8,66,45.9,89.6,117.4,215,42.1,24.7,40.2,21.8,72.4
USNM,49728,Panthera,tigris,male,Malay Peninsula,Batu Paliat,342.2,82.9,158.5,91,128,83.3,243.4,99.7,60.6,93.5,44.1,92.3,97.1,57,128.5,13.1,10.4,28.8,19.1,11.5,22.6,18.3,37.3,98.5,41.1,25,17.5,8.9,15.6,9.1,14.9,23.2,12.6,28.6,14.9,78.1,37.5,90.2,113.3,220.6,38.5,23.3,38.2,19.5,73.5
USNM,3804,Panthera,tigris,unknown,India,,347.1,81.3,144.8,83.6,112.4,88.4,222.6,91.7,56.7,100.1,43.4,85.6,96.4,54.9,129.5,14,10.5,25.5,19.2,11.8,21.6,17.8,34.8,93.5,40.5,23,17.6,8.3,15,7.5,14.7,22.9,11.4,25.2,13.2,63,35.2,79.8,108.9,207.3,39,20.8,39.8,18,63.4
MVZ,184079,Panthera,tigris,unknown,unknown,,356.1,78.8,160.7,93.4,118.9,95.5,256.7,110.4,55.8,103.8,50.3,99.1,97.5,52.9,136.3,11.9,9.5,26.8,20.2,12.1,21.4,16.2,34.8,103.5,42.4,24.5,18.8,7.8,15.7,8.3,14.5,24.3,11.8,24.4,12.4,64.8,39.7,79.1,108.9,216.8,44.6,23.9,46.3,22.5,82.1
USNM,84091,Panthera,uncia,female,India,Jammu and Kashmir,161.5,44.3,69.8,38.1,66.8,49.8,113.9,65.6,45,66,19.9,41.8,51.5,36.9,74,6.3,4.6,10.2,8.9,9.6,13.1,10.8,22,53.1,23.7,10.6,8.3,7,11.2,6,9.8,15.4,7.2,16.9,8.1,32.2,13.2,42.3,56.1,106.6,20.2,10.5,20.9,9.6,33.4
USNM,241212,Panthera,uncia,female,Zoo,,168.9,44.8,70.9,41,67.5,47.7,122.2,68,45.9,64.1,21.9,45.1,45.7,35.3,73.3,6.2,4.7,10.7,9.3,9.5,13.5,11,21.5,55.7,24.1,10.5,7.9,6.9,11,6.2,9.3,15.6,7.5,15.8,7.3,32.2,14.8,47.1,59.7,11.4,19.8,10,22.7,9.3,36.9
USNM,176048,Panthera,uncia,female,Pakistan,Baltistan,173.9,48.2,73.1,41.4,71.8,53,126.4,74.8,47.8,69.3,22.7,46.1,57.6,36.6,77.5,6.6,4.8,11.3,9.1,9.6,14.7,12,23.6,57.1,18.6,11.5,9,7.3,12.8,6.3,10.1,16.3,7.8,16.4,7.7,33.2,17.1,46.5,58.3,112.9,22.7,12,22.8,11.2,35.3
FMNH,127297,Panthera,uncia,female,Zoo/Asia,,180.8,53.3,77.4,41.3,70.4,54.5,125.6,80.3,51.7,70.7,24.1,46.6,55.7,37.7,80.3,5.6,4.4,11.2,9.3,8.9,14,11.4,22.5,60,21.6,11.3,8.4,7,12,6.1,9,16.3,6.5,16.5,7.1,32.2,16,45.4,54,115.1,23.2,9.5,23.8,8.2,42.5
USNM,321948,Panthera,uncia,female,Zoo,,184,49.3,73.3,42.9,72.4,51.1,130.8,76.4,47.4,67.8,21.7,46.3,56.7,38.8,80.6,6.5,4.6,11.5,9.6,9.2,13.9,11.8,22.6,58.4,18.7,10.4,9,7.4,11.6,6.6,9.5,15.3,7.5,17.2,8,35.9,15,50.2,63.1,119.1,23.8,11.2,23.9,10,38.8
FMNH,187454,Panthera,uncia,female,Zoo,,185.4,57.3,76.6,43.6,70.7,51,131.5,,54.4,70.7,22.7,49,60.2,39.8,82.7,7.1,5.1,12.2,9.6,9.6,14.8,12.6,23.1,60.6,26.2,12.2,9.6,7.6,12.7,6.4,10.1,16.7,8,18.1,8.7,33.7,19.1,53.3,62.6,122.3,24.7,12.2,27.6,10.5,40
MVZ,124189,Panthera,uncia,male,unknown,,186.2,31,75.3,44.7,67.9,57.8,127.8,75.3,50,68.7,20.7,48,59.6,39.1,83,6.8,5.2,11.9,10.3,10,14.3,12.5,24.3,59.9,26.8,11.8,9.1,7.5,11.6,6.5,10.2,16.1,7.1,18.2,8.1,32.3,18.9,42.6,60,117.9,22.9,11.3,24.6,10.2,35.2
FMNH,160000,Panthera,uncia,female,Zoo/Asia,,191.7,54.1,78.9,43.4,73.4,59.8,133.2,81.8,54.4,72.6,22.5,50.4,57.8,40.2,82.6,6.5,5.5,12.2,9.9,9.1,14.8,12.8,23.3,63,25.4,12.3,9.2,7,12.2,6.1,10.3,16.3,7.5,17.2,8.2,33,17,56,64.4,123,24.3,12.3,27.2,11.4,40.3
FMNH,122235,Panthera,uncia,male,Zoo/Asia,,194.5,51,80.8,44.7,69.2,54.9,131,81.1,51.8,71.5,21.5,47.8,60.6,40.7,83,6.3,4.6,12.1,10.2,9.9,15.4,11.9,22.8,61.6,25.7,11.6,9.4,8.5,13.4,6.7,10,17.5,8,18.4,8,34.9,18.8,50.2,64,126.7,23.8,10.7,25.7,10,37.9
FMNH,60413,Panthera,uncia,male?,Zoo/Asia,,201.8,58.1,85.4,48.7,78.4,61.1,141.3,86.1,53.5,76.2,24.8,52.7,62.4,41.6,87.6,7.9,5.4,13.7,12.2,10.6,14.7,14.2,25.8,64.2,,,,,,,,,,,,,,,,,,,,,
FMNH,129395,Pardofelis,marmorata,unknown,Zoo/Southeast Asia,,82.7,27.2,29.1,17.4,36.1,31.5,64.9,52.2,30.8,40.2,9.6,21.2,27.7,21.4,43.2,2.3,2.1,4.9,3.8,4.1,6.8,5.3,11,28.4,9.5,4.9,3.1,3.3,5,2.4,4.7,7,3.5,7.8,3.5,14.3,8.7,24.8,30.4,56.2,10.1,4.2,10.2,3.7,16.9
USNM,325000,Pardofelis,marmorata,unknown,Indonesia,Sumatra,86.1,23.9,31.2,18.8,33.4,24.3,58.3,46,29.8,40.1,9.5,21,30,22.2,39.7,2.9,2.1,5.6,4.3,4.6,6.6,5.8,11.9,27.4,11.1,5.6,3.9,3.9,5.5,3.1,5.4,7.7,3.8,8.8,4,15.1,7.3,21.1,28.2,54.9,9.2,5.1,9.5,4.5,16.1
FMNH,60020,Pardofelis,marmorata,female,Zoo/Southeast Asia,,86.5,26.5,30.1,18.2,34.8,28.4,62.9,50.9,29.8,40,8.9,21.7,28.8,22.8,41.3,2.6,1.9,5.6,4.1,4.8,7.3,6,10.6,28.6,10.4,5.4,3.6,3.5,5.5,2.9,4.8,7.9,3.5,9.3,3.9,15.1,8.1,22.3,29.5,55.7,11,4.6,10.5,4.2,16.1
USNM,239326,Pardofelis,marmorata,male,Zoo,,94.7,28.2,36.1,22,38.6,33.5,74,57.4,28.1,44.6,10.2,23.6,32,22.9,45.7,3.2,2.6,6.4,4.8,4.9,7.4,6.5,11.8,29.7,10,5.9,4.1,3.9,5.2,3,5.3,7.9,3.9,9.6,4.1,19.9,9.6,25.8,33,61.4,11,5.4,11,4.8,17.1
USNM,259100,Pardofelis,marmorata,male,Thailand,Lam Tong Lang,98.6,29.4,34.9,22.7,39.8,29.9,71.9,56.6,30.4,43.3,9.7,23.4,32.2,24.1,45.8,3.7,2.4,6.2,4.3,4.8,7.5,6,12.6,31.1,11.5,6,4.3,4,5.9,2.9,5.7,7.9,3.9,10,4.3,17.5,9.5,26.4,33.4,62.6,11.4,5.8,11.3,5.6,17
FMNH,104901,Pardofelis,marmorata ,female,Zoo/ S. Asia,,95.3,29.4,34.2,22.6,37.6,30.6,69,56.2,29.9,44.2,10.7,24,33.2,22.9,44.7,3.1,2.5,5.9,4.4,4.7,6.9,6.4,12.5,31.7,10.2,5.6,3.8,3.9,5.9,3,4.9,7.4,3.9,8.6,3.8,16.4,9.3,23.5,31.4,59.3,10.8,5.9,10.7,5.5,17.5
FMNH,68728,Pardofelis,marmorata marmorata,female,Malaysia,Sabah,89.3,25.8,31.3,18.4,36.6,28,65.7,55.5,31.4,41.3,10.3,22.1,31,21.5,41.5,2.6,1.9,5.3,4.3,4.9,7.2,5.6,11.7,27.8,9.7,4.9,4.2,3.7,5.2,2.8,5.1,7.6,3.6,8.4,3.9,17.2,7.3,24.9,31.8,57.4,10.4,5.7,10.6,5.2,16.9
FMNH,60358,Pardofelis,marmorata marmorata,unknown,Thailand,,102.9,32.2,37.3,22.5,41.6,32.8,76.8,60.9,28.4,44.1,10.3,26,30.8,24.7,47.4,2.8,2.2,7.2,5.2,5.9,8.2,6.9,12.9,32.5,12.9,6.8,4.6,4.8,6.8,3.8,6,8.7,4.6,10.6,4.6,21.6,9.8,29.6,34.7,67.5,12.8,6.9,13.4,6.6,21.9
FMNH,74326,Prionailurus,bengalensis alcalai,female,Phillipines,Negros Island,80.6,25.5,31.6,17.9,30.5,23.1,53.2,40.4,24.2,36.4,8.5,17.3,27.7,19.5,34.6,2,2,3.5,2.8,3.9,5.6,4.7,9.9,25.2,8.3,3.6,2.5,3.3,5,2.3,4.5,7,2.9,6.4,3,15.2,8.2,20.4,27,50.6,8.7,5.1,7.7,4.9,12.2
FMNH,79819,Prionailurus,bengalensis alcalai,male,Phillipines,Negros Island,86.8,27.1,33.7,19.3,33.3,23.4,57.5,42.3,21.3,37.5,9,19.8,27.9,19.7,35.5,1.9,1.6,4.4,3.4,4.1,6.3,4.2,9.8,26.6,9.7,4.1,3,3.4,5.1,2.4,4.2,6.8,3,6.9,2.9,16.6,10.5,21.4,28.8,54.4,10,4.9,9,4.5,12.7
FMNH,75829,Prionailurus,bengalensis bengalensis,female,India,Manipur,82.4,24.7,31.7,17.6,33,26,52.7,35.2,28.5,37.4,9.1,18.6,25.8,20.6,32.3,2,2,4,3.1,4.5,6.3,4.4,10.3,25.8,8.7,3.9,3.2,3.6,5,2.3,4.9,6.3,2.9,7.6,3.5,11.2,8.1,19.2,25.9,49.5,7.7,5.1,7.1,4.3,12.8
FMNH,38007,Prionailurus,bengalensis bengalensis,female,Laos,Thateng,83.6,26.3,33.1,16.7,32.6,24.4,56.5,40.5,24.9,37.6,9.3,18.6,26.8,20.6,34.2,2.1,2.3,3.9,3.3,4.3,6.1,4.8,9.7,24.5,8.2,3.1,2.8,3.6,5,2.4,4.3,6.2,3,7.2,3.5,13.2,8.9,21,27.3,50.8,9.3,4.6,8.4,4.3,11.5
FMNH,32552,Prionailurus,bengalensis bengalensis,female,Vietnam,Tonkin,84.2,26.8,33.4,17.2,35.1,26.8,57.3,40.5,26.4,39.3,9.2,19.1,27.8,22.1,36.1,2.1,1.6,4.1,3.6,4.8,6.1,4,9.9,26.6,9,3.9,3,4.1,5,2.5,4.9,6.7,2.9,7.7,3.2,14.9,8.6,22.9,29.7,54.8,9.4,5,9.1,4.8,10.8
FMNH,75828,Prionailurus,bengalensis bengalensis,male,India,Meghalaya,92.1,29,36.3,20.3,35.7,28.3,61.1,43.2,26.3,40.1,9.4,21.4,27.5,22.6,38.1,2.1,2,5,3.8,4.6,7.1,4.8,10.4,28.4,9.7,4.4,3.6,3.7,5.4,2.6,4.5,6.9,3,8.2,3.3,15.4,8.9,24.4,32.2,57.9,10,5.1,9.5,4.9,14
FMNH,32549,Prionailurus,bengalensis bengalensis,male,Vietnam,Tonkin,97.7,30.1,36.8,20.2,35.9,29.2,64.5,45.6,26.1,40.9,9,22.5,28.1,22.4,39,2.1,1.9,5,3.7,4.9,6.6,4.7,10.4,28.7,11.1,4.9,3.7,4.3,5.3,2.7,5,7.2,3,8.1,3.3,15.7,11.4,24,32.4,60.9,10.2,4.9,9.7,4.7,15.6
FMNH,99363,Prionailurus,bengalensis borneoensis,male,Malaysia,Sarawak,84.5,25.8,33.2,18.5,31.7,24.8,56.3,45.8,24.4,38.4,8.5,20.1,25,19.9,35.3,2.2,1.7,4,3.2,4.4,5.5,4.1,9.6,26.5,8,3.5,3,3.9,5,2.4,4.7,6.3,3.1,7.2,3.3,13.9,8.6,22.9,28.3,52.9,9.4,4.6,8.6,4.4,11.4
FMNH,39340,Prionailurus,bengalensis chinensis,female,China,Fujian,90.7,28.9,35.9,18.8,33.4,26.8,58.7,44,28.6,39.6,9.2,19.9,26.9,19.7,37,2.1,2,4.3,3.3,4.6,5.8,4.3,9.8,26.8,9.4,4,3,3.8,4.8,2.4,4.7,6.4,3.1,7.7,3.4,15,7.8,20.8,28.9,54.6,9.4,4.6,8.9,4.4,12.8
FMNH,101977,Prionailurus,bengalensis euptilura,male,Zoo/Southeast Asia,,107,28.7,42.4,21.7,37.3,27.5,68.6,54.2,26.7,43.3,11.4,24.2,32.2,23.6,43.7,2.6,1.9,5.7,4.3,4.7,7,5,11.4,31.8,11,5.1,4.1,4.3,5.9,3.1,4.3,7,3.7,9.4,3.8,15.5,10.2,25,35.9,67.7,12.4,6,12.4,5.2,19.4
USNM,489423,Prionailurus,planiceps,male,Malaysia,Selangor: Klang Tanjong Duablas,89,28.2,36,19.3,32.7,23.6,53.6,37.2,22.3,38.8,10.4,19.9,28.1,22,39.2,2.3,2.1,5.2,3.6,4.9,7.1,4.4,11.2,28.8,11.8,5.6,3.7,5.2,5.1,2.5,5.5,7.6,2.9,7.5,3,14.7,6.3,22.5,28.7,56.3,9.6,4.5,9.5,4.6,16.5
USNM,196603,Prionailurus,planiceps,male,Indonesia,Borneo,92,27.4,35.2,20.9,31.4,24.7,54.3,39,20.5,37.3,9.6,19.9,29.7,21.6,39.4,2.2,1.9,4.8,3.6,5.4,7.7,4.3,11,29.6,11.2,5,3.8,5.6,6.6,2.7,5.5,8.1,2.8,7.3,2.9,17.8,6.7,21.5,29.2,57,9.6,4.4,9.2,4.6,14.8
USNM,489424,Prionailurus,planiceps,male,Malaysia,Selangor: Klang Tanjong Duablas,92.6,30.4,36.9,21.6,31.4,22.2,57.7,45.5,21.6,38.6,9.5,22.1,27.1,21.4,39.5,2.1,1.7,5,3.7,5.3,7,4.3,11.1,30.7,11.4,5,3.8,5.3,5.8,2.5,5.2,7.7,2.7,7.7,3,15.1,7.5,22.3,30.8,59.5,10.1,4.6,9.5,4.4,16.4
FMNH,129397,Prionailurus,planiceps,female,Zoo/Southeast Asia,,93.7,30.3,37.3,23.3,30.9,25.6,59.6,43.3,20.5,38.5,9,20.7,28.6,21.4,41,,,5.1,4.1,5.8,7.4,4.6,11.1,31.2,11.2,4.4,3.7,5.3,6.1,2.5,5,7.8,2.9,7.9,2.9,15.6,8.5,28.4,32.3,62.9,9.8,3.9,8.2,3.6,15
USNM,145594,Prionailurus,planiceps,female,Indonesia,Borneo,94.1,30.2,37,21.4,31.8,23.5,56,41,20.4,37.4,9.7,20.3,29,22.1,38.7,2.3,2.2,4.8,3.6,5.5,7.3,5.2,11.5,31.1,10.7,4.9,3.4,5.3,5.8,2.6,5.2,8.2,3.1,8,3.2,16.3,7.1,22.9,31.4,59.7,9.9,4.2,8.8,4.3,15.8
USNM,144119,Prionailurus,planiceps,female,Indonesia,Sumatra,95.6,31.5,35.2,20.5,32.4,24.5,56.2,42.5,20.5,37.1,10,21,27.7,21.5,39.8,2.7,1.9,4.6,3.6,5.4,7.7,5.3,10.9,30.7,11.2,4.8,3.6,5.7,6.2,2.9,5.7,8.2,3.1,7.3,2.8,15.7,8.1,25.7,31.3,59.2,9.8,4.5,9.5,4.2,16.8
FMNH,58951,Prionailurus,planiceps,female,Zoo/Southeast Asia,,98.2,30,37.3,23.2,33.1,26.7,61,46,18.2,37.6,9.6,21.9,28.2,21.5,41.8,2.3,1.9,5.1,3.6,5.4,7.3,4.2,10.5,32.1,12.4,5.1,3.7,4.3,5.2,2.7,5.2,7.2,3.2,7.4,3.1,15.5,6.7,25.8,34.8,63.3,10.7,4.2,10.9,5,18.7
USNM,489422,Prionailurus,planiceps,male,Malaysia,Selangor: Kuala Lumpur,99.7,33.3,38.1,21.3,33,25.5,59.3,44.2,19,38.4,9.4,22.4,29.2,22.6,42.1,2.3,1.9,5,3.7,5.3,7.4,4.5,11.1,31.3,11.4,5.1,3.8,5.4,5.7,2.5,5.3,7.6,2.7,8.2,3.3,16.3,10,25.2,32.9,63.1,10.9,4.9,10.3,4.9,15.6
FMNH,60476,Prionailurus,planiceps,male,Zoo/Southeast Asia,,100.6,34.6,39.4,22.6,32.7,24,60.4,45.8,18.7,40.2,8.8,22.8,29.7,22.9,45.1,2.4,2,5.4,4.4,5.9,7.6,4.9,11.5,33.4,12.9,5.3,4,5.8,5.5,2.7,5.7,7.7,2.9,7.3,3.2,17.5,8.1,27.4,36.4,67.1,10.7,4.8,10.1,4.6,16.1
USNM,196605,Prionailurus,planiceps,male,Indonesia,Borneo,101.1,32.1,36.7,22.8,31.4,23.5,61.2,45.2,19.1,37.4,10.6,23,30.7,22.1,41.4,2.5,2,5.5,4.4,6.1,7.8,4.5,11.2,31,11,5.4,4.3,5.7,6,2.8,5.6,8.2,3.2,7.6,3.1,19.1,8.4,29.2,35.1,63.3,10.9,5.4,10.3,5.2,17.7
FMNH,127432,Prionailurus,planiceps,male,Zoo/Southeast Asia,,103.5,33.7,39.1,23,30,26.3,60.6,46.1,20.2,38.2,10.4,23,31.8,22.7,44.5,2.1,1.9,5.5,4.1,5.6,7.6,4.6,10.5,31.6,11.8,5.1,4,5.6,6.3,2.7,4.8,7.9,3.1,7.7,3.2,15.2,8.6,25.3,33.7,65.2,10.8,4.7,10.4,4.4,18.1
FMNH,127433,Prionailurus,planiceps,female,Zoo/Southeast Asia,,103.6,35,39.5,25.4,36.3,28.2,65.5,50.2,20.5,40.1,10,25.5,31.7,22.9,47.3,2.6,2,5.9,4.8,5.4,7.9,5.2,12.2,34.2,13.2,6.1,4.3,5.7,6.2,3,6.1,8.5,3.4,7,3.2,17.9,9.2,29.4,36.1,66.7,12.2,5.5,10.2,5.1,17.6
FMNH,147997,Prionailurus,planiceps,male,Zoo,,104,24.7,39.8,23.1,36.1,28,64.5,49,21.6,36.9,9.4,22.9,32.9,23.4,45.8,2.1,2,5,4.1,5.4,7.2,4.9,10.1,32.9,11.8,5.4,3.8,5.3,5.6,2.6,5.1,7.4,2.9,7.4,3.1,17.8,8.9,29,36.1,68.1,11.9,5.2,10.6,5,19.3
FMNH,96335,Prionailurus,rubiginosa phillipsi,male,Sri Lanka,Southern province,71.4,24.9,26,14.1,27.7,23,48.2,35.4,22.8,33.9,7.8,16.3,24,18.8,30.6,1.7,1.7,3.7,2.7,3.7,4.8,3.5,8.2,20.7,8.3,3.4,2.6,3.3,4,2.1,3.7,5.3,2.4,6.3,2.8,11.5,7.5,18.2,24.8,43.2,6.8,4,6.8,3.9,9.5
FMNH,95137,Prionailurus,rubiginosa phillipsi,female,Sri Lanka,Southern province,71.6,21.9,27.2,15.2,27,22.3,47.3,34.5,23.7,34.9,7.3,15.5,21.7,18.7,29.9,1.6,1.4,3.2,2.5,3.4,4.4,3.1,7.9,20.6,7.5,3.1,2.3,2.9,3.8,1.9,3.6,5.3,2.2,5.7,2.5,11.6,6.7,18.5,25.1,43.9,7.5,3.3,6.9,3.3,8.5
FMNH,96333,Prionailurus,rubiginosa phillipsi,female,Sri Lanka,Western province,71.8,22.6,28.5,15.6,28.6,23.7,51.1,36.9,22.5,35.9,8,17.3,,,31.9,1.8,1.6,3.8,3,4,4.8,3.7,8.6,22.4,8.2,3.7,2.9,3.3,4.1,2.3,3.6,5.8,2.7,6.7,2.9,13.1,9,20.4,26.9,47.3,8.9,3.9,8,3.4,9.5
FMNH,96334,Prionailurus,rubiginosa phillipsi,female,Sri Lanka,North Central province,73,25.8,28.4,15.3,28.7,23.6,49.7,35.3,25.8,35.5,8.2,16.3,22.7,18.8,31,1.9,1.6,3.7,2.8,3.9,4.9,3.7,8.6,22.2,7.5,3.4,2.8,3.5,4,2.3,3.9,5.3,2.7,6.2,2.8,11.8,7.7,18.6,25.3,44.6,7.7,4.3,7.1,4,9.6
FMNH,95037,Prionailurus,rubiginosa phillipsi,male,Sri Lanka,Central province,76.2,23.2,28.5,14.5,26.7,21.5,50,,25.4,35.5,8.1,17.5,23.3,18.2,31.6,1.9,1.6,3.8,2.9,3.9,5.4,3.6,9.3,22.7,9,3.6,2.8,3.3,4.1,2,3.6,5.2,2.5,6.7,3.1,11.9,8,17,25.5,45.3,7.3,3.9,6.9,3.9,11.2
FMNH,96331,Prionailurus,viverrinus,female,Sri Lanka,North Central province,118.4,36.2,47.8,28.2,45.2,33.8,77,44.2,28.1,45.6,12.2,27.7,34,28.1,47.5,3.3,2.8,7.3,5.8,6.5,9.4,7.1,14.7,38.6,13.9,6.9,5.2,5.9,7.1,3.9,6.9,9.8,4.6,10.4,4.5,21.3,12.5,31.6,41,76.7,13.7,7.5,13.6,6.4,18.2
FMNH,105562,Prionailurus,viverrinus,female,Nepal,Banke; Mahadeva,118.7,38.3,46.7,27.2,45.9,33.1,74.8,48.7,29.1,46.2,12.3,28.2,36.7,26.7,49.3,3,2.5,7.1,5.7,6.7,8.9,6.7,14.5,37.3,14.4,7.2,5.1,5.5,7.3,3.6,7.1,10,4.5,10.7,4.9,23,13.6,33,38.9,74.9,13.7,7.4,13.3,6.9,20.1
FMNH,105561,Prionailurus,viverrinus,female,Nepal,Nawal Parasi,118.8,37,46.7,26.8,41.5,30.7,72.1,51.1,27.8,45.8,12.1,28.3,34.6,25.5,47.1,,,6.7,5.3,6.2,8.6,6.8,14.8,37.8,12.5,6.7,5.4,5.6,7.1,3.5,7,9.1,4.4,10.6,5,19.6,13.1,31.5,39.5,73,14.6,7.3,13.6,6.7,19.4
FMNH,60672,Prionailurus,viverrinus,female,Zoo/Southeast Asia,,126.6,34.2,50.3,29.6,46.7,32.7,81.2,57.9,30.1,46.1,13.3,29.9,36.9,25.8,51,3.2,3.1,7,5.3,6.1,9.1,6.6,13.9,38.3,14.8,6.7,5.2,5.3,7.4,3.6,6.2,9.2,4.2,9.4,4.7,21.6,12.9,35.8,43.5,81.1,13.1,6.6,14.3,6.1,21.5
USNM,535231,Prionailurus,viverrinus,male,Thailand,Chanthaburi,132.8,40.9,50.5,29.8,50,37.7,87.2,47.8,29.4,49.6,12.9,31.7,39.6,31.7,54.5,3.4,2.9,9,6.6,7.3,10.1,7.4,16.2,40.7,18.1,8.3,6.5,6.3,8.4,4.3,7.6,10.5,5.1,11.3,5.2,21.1,11.6,32.7,45.6,85.5,15.4,7.8,14.9,7.1,24.4
FMNH,123070,Prionailurus,viverrinus,female,Zoo/Southeast Asia,,134.1,40.6,50.3,31.6,43.4,33.4,83.7,59.3,27.6,45.3,13,31.4,39,26.2,51.5,3,2.8,7.6,5.6,5.4,8.7,7,14,39.8,13.2,6.4,5.2,,,,5.5,9.5,4.1,9.7,4.8,24.9,13.3,38,45,84.1,15.3,7.5,15.7,7.9,20.7
FMNH,96332,Prionailurus,viverrinus,male,Sri Lanka,North Central province,136.7,43.8,52.9,31.5,51,35.4,93.2,53.9,30,47.7,12.6,33.2,37.3,29.6,52.5,3.6,3,8.1,6.1,7.1,9.7,7.5,15.3,41.2,16.8,7.7,6.1,6.3,7.6,4.4,7.6,10.4,5.2,11.3,5.3,28.3,14.8,38.3,48.5,87.6,16.9,9.1,15.8,8.5,23.4
FMNH,99533,Prionailurus,viverrinus,male,Sri Lanka,Western province,143.6,44.2,53,30.5,52.1,38.4,93.5,49.3,30.7,49.7,14.2,35.7,41.2,30.8,56.2,3.6,2.8,7.1,5.7,7.1,9.4,7.6,15.1,40.9,16.1,7.6,6.2,6.2,7.9,4.5,7.2,10,5.1,11.6,5.3,26.3,14,39.5,49.2,88.8,16.8,9.1,17.8,8.1,21.8
FMNH,168869,Prionailurus,viverrinus,male,Zoo,,144,45.5,55,31.2,51.3,37.5,92.4,73,28.8,50.3,13.9,34,38.2,28.4,55.1,3.4,3,7.8,6.5,6.4,9.4,7.3,14.7,42.4,15.2,7.4,5.4,6.2,8.3,4.1,7.2,10.1,4.6,10.3,4.8,28.1,16.4,38.6,50.5,92.4,16.8,97.8,16.5,8.5,21.6
FMNH,121528,Profelis,aurata,female,Zoo/Africa,,120.8,38.3,47.6,25.7,49.7,37.3,80.9,54.2,34.2,52.1,12.9,28.3,38,27.5,51.5,4.1,3.1,6.7,5.4,5.8,9.1,7.4,15.2,40.2,12.9,5.8,4.8,,,,,,,,,19.7,12.6,33.9,36.9,75.7,13.5,6.1,13.5,5.7,22.1
USNM,282637,Profelis,aurata,male,Zoo,,152.1,44.7,56.2,33,55.1,44.9,95.4,41.9,30.1,50.5,15.4,33.6,42.4,30.4,61.6,4.8,3.8,8.3,6.3,7.3,10.7,8.3,17,47.5,14.5,8.2,5.6,5.1,7.9,4.4,6.8,11,5.3,11.9,5.6,26.2,15.9,41,51.4,94.4,18.3,8.9,17.5,8,29.8
USNM,278523,Profelis,aurata,male,Zoo,,155.7,45.6,58.8,32.4,48.8,41,97.2,61.2,33.8,55.7,15.7,33.1,41.4,31.3,64.1,4,4,7.5,6.1,6.7,9.9,8,15.8,44.3,13.5,7.2,5.8,5.2,7.5,4.2,6.7,10.6,5.1,10.5,5.1,30.3,18.1,42.3,54.2,95.7,17.8,8,17.7,7.8,28
MVZ,78222,Puma,concolor,female,U.S.,Montana; Cabinet ridge,167.6,48.6,66.2,42,68.2,54,112.2,58.1,39.5,68.3,21.4,46,59.5,38.4,73.8,5.9,4.7,12.3,9.6,9.5,13.9,9.4,19.5,52.4,20.7,10.6,9.3,7.3,11.5,6,9.9,13.5,7.4,14.4,7.4,31.5,17,40.6,54.2,105.7,21,11,19.4,10.2,31.8
MVZ,84196,Puma,concolor,unknown,U.S.,Idaho; Selway Natl. forest,168.1,48.4,68.8,41.8,70.6,54.4,114.6,56.7,41.7,71.7,22.6,46.1,59.7,37.7,72.9,6,4.8,11.7,9.2,9.4,15.9,10.3,21.6,53.2,21.3,11,8.2,7.4,13.1,5.6,10.4,14.7,7,17.3,7,29.3,15.2,42.4,55.7,107.1,19.9,10.9,19.6,10.6,32.7
MVZ,53567,Puma,concolor,unknown,Canada,British Columbia; Kleena kleene river,173.4,52.6,69.2,44,65.8,52.7,117.7,64.1,41.8,70.4,18.5,44.2,58.2,36.7,73.9,5.5,4.5,11.3,9.5,9.7,14.3,9.8,20.4,49.9,21.8,11.3,8,8.3,11.2,6,9.6,13.4,6.9,15.2,6.6,35.1,16.3,55.5,59.2,108.3,21,10.4,20.1,10.4,34.5
MVZ,175990,Puma,concolor,male,U.S.,California; Livermore,182.1,57.5,71.6,45.7,70.1,57.2,117.7,61.9,44.1,71.6,23.9,49.5,57.1,35.1,76.9,6.9,5.4,12.8,10.9,10.1,16,11.6,23.4,57.5,24.3,13.2,9.8,8.8,12.9,7.3,11.8,16.2,8.3,17.4,9,30.7,16.1,42.8,56.5,112.7,20.8,12.6,19.8,11.6,37.1
LACM,30611,Puma,concolor,unknown,,,182.7,88.9,78.5,46.6,82.6,60.4,133.3,74.9,41.7,72.6,22.8,54.1,63.9,40.1,81.5,6,4.4,13.2,11.4,11.4,14.8,11.1,21.6,60.4,23.4,11.9,9.1,9,12.6,7,11.5,14.8,8.3,16.3,8,39,21.4,52.2,67.3,121.1,22.9,11.9,22.3,11.9,38.5
LACM,20105,Puma,concolor,unknown,,,183.1,90.6,77.9,51.9,76.6,63.6,141.4,82.4,42.9,74.8,23.9,54.8,62.3,42.1,82.9,6,4.7,12.3,10.2,9.1,14.6,10.9,22.7,62.1,24.7,12.1,9.1,7.7,12.4,5.8,10,14.9,7.5,16.7,7.7,42.7,29.7,57.1,68.7,121.9,24.3,13.2,23.3,12.3,39.2
MVZ,154389,Puma,concolor,male,U.S.,Nevada; Ward Mnts.,185,58.7,70.5,44.8,72.8,60.1,126.4,67.6,43.4,69.5,21.6,48.2,61.1,40.7,77.4,5.5,4.7,12.2,9.6,9.7,14.9,11.5,20.2,55.7,20.8,11.9,8.5,7.9,12.4,6.1,9.8,14.8,7.7,15.5,7.4,34.6,21.3,50,63,117.3,24.3,12.4,22,11.8,37.5
MVZ,154396,Puma,concolor,female,U.S.,Nevada; Eastern Nevada,186.9,57.6,73.5,48.9,75.1,59.4,131,75.7,46.9,72.1,21,49.4,61,39.4,80.8,5.7,4.8,12.3,10.2,8.3,14.7,10.8,20.5,56.8,19.4,11.9,8.6,8.1,12.8,6.2,9.9,15,7.5,15.4,7.2,38.1,20.7,55.1,64.5,120.4,23.6,12.9,23.1,12.2,39.1
MVZ,51843,Puma,concolor,male,U.S.,Idaho; Pocatello,192,57.4,75.3,48,75.5,59.6,133,67.4,44.9,72,23.9,54,65.3,39.5,85.4,6.1,6,13,10.8,9.8,15.2,11.3,22.2,57.5,23.6,12.3,8.9,8.2,12.4,6.7,10.8,14.9,8,16.5,7.6,37.7,20.8,53.4,65.2,123.3,25.1,12.5,23.5,12.1,39.4
MVZ,175989,Puma,concolor,male,U.S.,California; Kernville,201.9,60.8,78.7,50.5,76.2,60.2,148.8,71.9,40,74.7,22.2,52.5,65.1,41.7,86.2,6.2,4.8,13,10.4,9.8,14.8,11.2,20.8,57.4,24.1,12.1,8.9,8.6,11.8,6.4,10.7,14.4,7.6,15,7.3,40.7,25.3,58.6,71.2,127.3,26,13,24,12.8,39.5
MVZ,154386,Puma,concolor,male,U.S.,Nevada; Eastern Nevada,206,59.8,80.7,52.8,80.4,59,148.7,79.1,44.1,75.2,23.4,56,63.1,42.6,82.3,5.8,5.1,14.9,11.6,9.6,16.4,11.9,21.8,61.4,22.9,13.7,10.1,8.1,13.4,6.4,10.2,15.4,7.6,18.1,7.7,44.3,23.4,58.1,73.6,132.6,25.5,13.3,23.3,12.6,40.4
MVZ,53561,Puma,concolor,unknown,Canada,British Columbia; One eye lake,207.6,62.3,81.6,52.8,79.4,59,151.6,75.4,42,75.7,23,55,67,39.9,86.5,6.1,4.6,13,10.6,11,14.5,11.1,21.6,59,23.6,12.5,9.2,8.7,12.5,6.5,10.9,14.3,7.4,16.8,7.1,40.7,24.3,67.8,74.2,130.3,24.9,12.3,22.4,12.3,39.9
MVZ,21956,Puma,concolor,unknown,Argentina,Santa Cruz; Arroyo Chalia,224.2,67.2,98.5,58.3,86.3,65.6,151.5,72.3,45.4,82.4,32.6,67.6,73,46.1,94.4,8.3,8,18.1,16.4,12.2,18.6,13.7,27,72.3,31.1,17.8,12.7,9.1,15,8.9,13.5,18.3,10.3,22.3,10,42,27,62.4,73.6,143.4,28.7,14.7,29.2,14.5,47.9
MVZ,81547,Puma,concolor,unknown,U.S.,Montana; Bitterroot river,224.7,68,90,67.4,85.7,64.9,155.3,83.8,46.7,79.1,24.2,59,74.6,42.3,93.8,6.5,5.2,14.8,12.3,10,15.4,12.3,22.9,64.7,24.8,14.1,10.6,9.1,13.2,6.8,11.1,15.2,8.5,17.7,8.8,45.7,27.3,73.5,79,144.9,27.6,15,25.4,14.6,42.3
LACM,92543,Puma,concolor azteca,female,U.S.,Arizona,164.3,74.1,70.9,45.9,77.5,56.5,128.2,72.8,45.2,71.6,20.6,50.4,57.3,40,77,5.8,4.7,11.9,9.6,8.8,13.4,11.4,20.9,56,20.3,10.2,8.3,8.7,12.2,6.4,10.1,14.6,7.3,16.1,8.2,33.3,21.7,48.6,59.6,107.3,22.2,11.5,20.1,10.6,33.1
USNM,117074,Puma,concolor azteca,female,Mexico,Chihuahua,168.1,52.3,72.8,42.2,67.4,55.7,118,63.1,44,68.8,19.8,43.6,58.5,39,73.6,5.4,5.2,10.4,9,8.9,13.7,9.7,19.4,53.9,16.9,10.4,8.3,7.3,12.2,6.2,9.5,13,7.1,14.3,7.7,30.1,17.7,43.1,58.5,110.8,19.7,10.7,18.1,10.1,31.4
USNM,117075,Puma,concolor azteca,female,Mexico,Chihuahua,172.4,55.3,72.9,44.5,73.4,56.7,127.4,71.8,42,70.9,20.9,44.9,60.2,39.1,73.3,5.6,4.5,10.5,9,8,14.2,10.1,20.1,55,16.7,10,7.7,6.6,11.9,6.2,9.1,13.1,7.3,15.6,7.7,31.2,18.6,48.6,62.9,114.4,20.6,11.5,19.8,11,32.8
USNM,99661,Puma,concolor azteca,female,Mexico,Chihuahua,178.7,51.7,69.9,45.4,69,53.1,116.8,67.8,43.6,70.9,19,45.2,59.4,38.2,73.5,5.9,4.8,12,9.6,8.9,14.5,10.8,19.8,53.9,19.8,11.4,8.3,7.3,12.4,6.7,9.7,13.5,7.8,16.1,7.8,30.6,18.5,41.3,61.5,113.3,20.5,11.4,19,10.1,34.6
USNM,117076,Puma,concolor azteca,male,Mexico,Chihuahua,190.8,56.3,80.9,52,78.3,55.9,127.2,72.6,43.5,73.8,23,51.4,62.3,40.2,82.1,6.6,5.6,13,11,9.2,16.5,11.9,22.4,62.2,22.4,12.6,9.7,8.1,13.7,7.2,9.9,14.8,7.8,16.9,8.3,36.8,22.5,47.7,64.8,126.4,21.4,12.4,20.3,11.7,36.7
USNM,99660,Puma,concolor azteca,male,Mexico,Chihuahua,191.5,56.3,76.4,50.2,78,58.2,135.8,67.1,38.3,74.1,23.6,51.4,59.3,37.5,79,6.1,5,12.5,10.3,9.3,14.8,10.9,23,59.3,21.9,12.8,9.4,8.1,12.5,6.8,9.9,14.4,7.8,15.8,8.1,42.9,22.5,55,67.9,123.5,23.6,12.2,22.2,12.3,38
USNM,99659,Puma,concolor azteca,male,Mexico,Chihuahua,199.7,57.6,78.6,49.7,78.2,60.8,141.9,76.9,41.2,73.8,21.7,53.7,66.1,42.2,85.7,5.6,4.6,12.7,10.5,8.2,15,11.4,22,60.5,20,12.5,9.2,7.9,12.9,6.4,10.1,14.8,7.5,16.1,8,40.8,24.5,55,70.8,131.7,26.4,12.2,24.4,12.4,39
USNM,100120,Puma,concolor capricornensis,unknown,Brazil,,163.3,40.5,67.3,41.9,66.7,51.9,112,60.7,41.2,67.3,22.6,43.8,53.9,36.9,63.3,6.3,5.6,10.6,9,8.3,14.3,10.7,21.8,53.6,19,10.4,8.3,7.5,11.5,6.2,9.7,14.8,7.4,16.9,7.5,28.4,19.8,42.5,50.8,103.8,18.8,9.1,18.3,9.2,34.3
USNM,100118,Puma,concolor capricornensis,unknown,Brazil,Sao Paulo; Piracicaba,203.6,61.1,80.4,49.4,78.2,63.1,138.8,72.9,40,75.4,24.1,52.5,69.2,45.4,84.3,6.7,6.5,11.9,10.4,9.9,15.7,11.6,22.8,60.4,21.8,12.2,9.2,8.3,13.2,6.7,10.5,15.7,8.1,16.7,8.9,39.3,22.8,51.5,68.3,128.2,23.8,12.8,23.3,11.9,36.9
USNM,406530,Puma,concolor concolor,female,Venezuela,Bolivar,164.1,47.2,67.4,39.1,63.6,47.1,109.4,63.1,40.3,63,22.1,41.9,52.6,35.7,66.7,5.9,5.4,10.9,9.2,8.8,13.8,10.6,19.6,50,19,11,8.3,7.3,11,6.1,10,13.5,7.5,15.7,8,27.1,18.4,40,53.4,102.1,18.2,10.4,18,9.9,32.6
USNM,137040,Puma,concolor concolor,unknown,Venezuela,Caura Valley,176,54.8,74.2,43.2,72.5,50.5,116.5,65,38.1,68.3,23.4,48.4,61,40,73.2,6.7,5.5,12.9,10.5,9.1,15,11.7,22,58.2,24.6,12.1,8.8,7.1,11.9,6.6,10.3,14.8,7.7,16.5,8,29.8,17.8,43.8,56,112.8,20.7,11.2,20.6,9.8,34.9
USNM,172990,Puma,concolor costaricensis,female,Panama,Chiriqui,158.6,50,59.5,37.1,67.8,52.1,114.2,71.5,44,67.1,19.1,43.3,53.3,36.7,70.7,6.8,5.2,10.2,8.8,8.2,12.8,9.7,18.4,50.1,17.2,9.9,7.7,6.7,10.3,5.8,8.8,13.7,6.6,14.1,6.8,28.1,19,42.4,53.6,101.8,19.1,9.6,18.4,9.1,33.1
USNM,296341,Puma,concolor costaricensis,male,Panama,Canal zone,171.1,49.1,67.3,40.7,70.4,50.6,118.3,67.7,44.1,66.1,22.1,46.1,58.3,37.3,71.3,6.5,5,10.9,9.5,9.9,13.5,9.7,20.9,53.1,21,10.7,9.1,7.4,10.6,5.9,10.1,13.4,7,15,7.5,33.2,20,45,55.7,106.6,18.3,11,17.8,10.2,32
USNM,61193,Puma,concolor costaricensis,unknown,Costa Rica,,174.2,53.8,67,40.7,64.2,52.6,117.9,74,42.6,64.9,21,41.1,57.6,37.4,72.5,5.4,5.6,9,8.3,8.6,13.3,9.8,19.4,51.2,17.4,9.4,7.1,6.3,10.6,5.6,9.1,13,6.4,14.8,6.9,29,20.6,51.4,61.4,113.1,21.3,9.2,20.5,8.6,33.5
USNM,A15967,Puma,concolor costaricensis,unknown,Costa Rica,Pacuare,183.3,54.7,70.9,43.9,68.7,53,133.7,73.8,37.1,68.9,22.6,49.6,59.3,39.7,76.6,5.8,5,12.5,10.6,8.8,14.2,10.2,21.7,54.9,22.6,11.8,9,7.1,12.1,5.6,9.8,14.1,7.2,16.7,7.4,33.7,22.4,52.7,60.5,117.1,21.9,11.7,20.5,10.6,35.6
USNM,303017,Puma,concolor costaricensis,unknown,Panama,Panama,184.6,57.4,74.2,42,72,54.6,127.9,70.1,38.7,69.9,23.1,47.9,63.7,40.6,79.3,6.2,5.3,12.6,10.2,9.5,13.8,10.4,21.8,51.4,24,10.1,8.7,7.3,11.2,6.7,10.6,14.3,8.1,16.6,7.8,34.1,24.6,48.2,59.2,114,22.3,11.6,19.7,11.1,34.3
USNM,61194,Puma,concolor costaricensis,unknown,Costa Rica,,194.5,58.7,74.8,43.6,74.3,57.3,129.7,73.5,42.3,72.9,24.5,49.2,63.7,42.1,77,6.5,6.2,13,10.3,10.3,16,11.6,22.1,57.4,22.2,12.4,9.5,8,12.5,7.5,11.1,15.6,8.7,17.3,8.6,34.2,21.3,53.4,63.8,119.7,21.6,11.6,21,10.2,37.7
USNM,442901,Puma,concolor costaricensis,male,Venezuela,Tachira,204.4,60.2,82.6,50.7,72.7,57.1,140.3,70.3,41.8,72.7,25.6,51.8,61.2,40.6,84.6,6.6,6,12.5,10.6,10,14.6,11.1,21.5,57.2,23.5,11.9,10,8.3,11.8,6.6,10.7,15.6,8,15.9,7.4,41.4,23.7,57.4,71.1,131,25.9,13,23.8,12.6,39.3
LACM,92552,Puma,concolor hippolestes,unknown,U.S.,Idaho/Utah/Wyoming,,,,,,,,,,,,,,,,5.7,4.8,11.8,9.7,10,15.3,10.5,21,59,22.5,11.2,8.2,8.5,12.1,6.3,11.2,14.7,7.3,16.4,7.4,38.6,21.1,50.4,63.4,113.5,23,12.3,20.5,11.1,39.1
LACM,92551,Puma,concolor hippolestes,unknown,U.S.,Idaho/Utah/Wyoming,175.4,83.5,73.8,44.5,76.7,58.9,134.8,67.8,38,70.8,21.8,50.9,61.4,38,83.1,6.2,4.9,11.7,9.4,8.8,14.8,10.9,21.2,57,22,11.5,7.9,7.5,12.5,6.5,9.8,14.4,7.4,14.9,6.7,40,20.8,54.1,61.8,114.8,21.3,11,20.8,10.7,36.7
LACM,92548,Puma,concolor hippolestes,female,U.S.,Idaho/Utah/Wyoming,180,87.3,75.1,51.5,80.7,61.9,142.2,72.9,44.6,73.3,23.2,54,59.4,39,85.1,5.8,5.1,12.8,10.8,10.1,14.7,10.5,21.3,59.1,25,12.4,8.8,7.6,12.7,6.3,10,14.7,7.7,15.7,7.3,44.8,23.2,53.6,69.6,126.1,24.9,13.7,24.4,13,37.2
LACM,92553,Puma,concolor hippolestes,unknown,U.S.,Idaho/Utah/Wyoming,191.2,87.5,82.2,52.8,83.9,63.8,144.5,74.1,43.8,76.6,25.1,58.9,67.1,41.8,91.7,6.6,5.1,14.4,11.8,10.1,15.8,11.4,23,61.9,29.1,14,9.7,9.1,13.4,7.3,10.9,15.3,8,17.2,7.8,41.4,25.5,56,68.3,128.4,26.4,15.3,24.8,13.8,40.2
USNM,274682,Puma,concolor incarum,female,Peru,Puerto Maldonado,173.5,50.8,66.3,41.7,66.7,49.3,114,67.1,34.6,64.5,20.6,45.1,59.6,37.4,70.3,5.6,4.7,10.6,8.9,8.5,14.7,9.2,20.1,52.2,18.5,10.1,8.1,6.4,11.3,5.1,9.4,14.3,6.7,15.5,7.1,34.2,18.1,44.7,55,108.3,20.8,10.3,19.4,9.8,33.5
LACM,92554,Puma,concolor mayensis,female,Belize,,177,70.1,70.7,43.6,67.4,48.9,123.5,67.9,42.8,67.7,22.3,47.5,59.5,,74.1,5.3,4.9,11.3,9.5,8.8,13.9,10,20.6,56.7,22.2,11.6,8.1,6.8,11.6,6.2,8.6,14.5,7.5,15.1,7.7,33.5,23.1,46.9,58.8,110.3,20.9,10.2,21.1,9.9,34.9
MVZ,53562,Puma,concolor missoulensis,unknown,Canada,British Columbia; Kleena kleene river,180.2,54.9,69.1,44.3,70.8,56.5,123.8,62.2,38.8,70.2,22.5,45.9,61.9,36.9,78.4,5.6,4.3,11.6,9.3,10.3,14,9.9,20.9,53.2,20.4,10.9,8.2,8.1,10.7,5.9,10.6,13.6,6.6,15.1,7,33.8,17.3,54.9,61.6,114.3,20.7,10.6,18.2,10.6,33.9
USNM,249297,Puma,concolor missoulensis,unknown,Canada,Alberta,190.1,46.9,74.6,37.8,76,59.8,140.1,74.2,45.7,76.2,22.4,52.4,48,35,83.1,6.1,5,12.5,10.8,8.9,14.6,9.6,20.3,54.7,21.5,11.9,9.2,8.9,13,7.2,11.1,14.9,7.7,16.3,8,36.3,20.4,55.9,68.3,124.8,23.1,12.1,20.9,12,37.1
USNM,225045,Puma,concolor missoulensis,unknown,Canada,British Columbia; Edgewood,190.7,55.6,74.9,46.8,73.8,59.4,127.5,71.7,45.1,73.4,22.7,50.9,65.1,39.7,81.5,6.1,4.9,12.9,10.4,10.3,15,11.5,22.1,59.8,23.8,13.2,10.7,8.7,12.6,6.9,11.4,14.6,7.9,16.8,8.3,36.2,18.3,51.1,65.4,122.4,23.7,11.9,21.5,12.2,35.8
USNM,225046,Puma,concolor missoulensis,unknown,Canada,British Columbia; Edgewood,197,59.6,78.6,49.1,80.6,61.5,137.7,68.9,40.4,73,22.5,55,67.9,39.3,82.6,6.8,5.3,14.2,11.4,11.5,16.2,11.9,22.3,59.2,26,13.6,10.9,8.8,13.5,7.1,12,15.9,9,17.5,8,41.3,21.3,52.3,69,129.1,24.7,12.5,23.1,12.6,37.8
USNM,551639,Puma,concolor missoulensis,male,Canada,British Columbia; Windermere,220.8,55.1,86,54.5,87.9,71,160.4,82.3,45.4,84.9,25.2,60.9,73,44.1,92.2,8.6,5.6,15.7,12.7,9,16.6,12.6,21.8,63.5,26.6,14.3,12.1,9.8,13.4,7.6,10.9,16.3,8.7,18.2,8.8,48.5,27.6,68.3,83.1,148.8,28.2,13.8,25.5,13.8,43.2
USNM,551637,Puma,concolor missoulensis,male,Canada,British Columbia; Kootnay,225.4,68.2,87,57.1,86.2,67.7,160.2,81.2,43.2,74.4,22.5,59.9,67.4,40.8,93,6.6,5.5,15.4,11.6,10.8,16.6,10.9,23,63.6,26.5,13.7,11.2,9.2,14.4,7.9,11.6,15.4,8.4,16.1,8.1,46.4,22.8,66.5,80.5,144.9,28.5,13.3,24.9,12.7,44.1
USNM,551638,Puma,concolor missoulensis,unknown,Canada,British Columbia; Windermere,226.1,68.1,91.9,57.9,88.1,71.2,158.4,87,45.1,78.4,24.4,61.1,75,42.5,93.1,5.9,5.8,15.7,12.8,10.2,15.8,11.7,22.3,64.8,25.6,14.5,10.9,9,13.4,7.5,11.5,15.6,8.2,17,8.5,48.2,30.2,73.6,87.1,152.9,27.7,14.6,26.2,14.8,42.8
USNM,322854,Puma,concolor osgoodi,unknown,Bolivia,Ayoayo,187.4,54.5,77.9,46.5,72.3,53.3,125.2,73.9,50.2,72.1,24.8,52.6,61.5,38.4,74.7,7,6.4,12.9,10.9,9.2,16.7,11.7,22.1,57.4,22.5,13.8,10.4,7.5,12.8,6.5,10.5,16,7.4,17.3,7.6,38.3,21.6,54.9,64.1,122.7,25,12.1,22.9,11.6,36.9
USNM,A20918,Puma,concolor pearsoni,unknown,Argentina,Santa Cruz; Patagonia,184.2,59.7,73.8,45,74,56.1,125.2,65,39,67.2,24.5,51,57.3,37.5,77.6,6.7,5.7,13,10.7,9.7,14.4,10.9,22.8,58.1,21.3,11.7,9.4,7.3,12.5,7,10.9,15.1,8.2,17.6,8,39.6,21.8,49,64.6,120.1,22.7,11.8,21.3,12.3,39.2
USNM,100117,Puma,concolor pearsoni,female,Argentina,Santa Cruz; Patagonia,189,50.3,78.8,49.4,74.1,54.8,129.8,72.8,36.9,70.2,26.6,53.3,61.8,40.9,80.5,5.9,5,11.7,10.8,9.1,15.6,10.3,22.5,59.4,20.5,12,9.6,6.9,12.7,6.1,9.8,15.8,7.7,16.9,8.3,35.1,21.4,50.7,62.1,120.1,25,12.5,24.3,12.1,39.1
USNM,199465,Puma,concolor pearsoni,unknown,Argentina,Coy Inlet,201.5,61.8,80.8,50.1,78.2,56.7,138.3,79.2,44.7,75.4,26.8,54.8,66.9,39.9,83.6,7.9,6.7,13.7,12.1,9.4,15.7,12.1,23.8,63.6,22.1,13.1,10.6,7,13,6.9,10.7,15.7,8.4,18.4,8.1,40.1,24.2,52.9,66.1,129.6,27.4,14.2,25.9,14.3,38.4
USNM,113253,Puma,concolor pearsoni,unknown,Argentina,Chubut; Patagonia,207.1,64.4,86.5,55,85.3,64.6,148,72.3,44.9,79.5,27.4,62.7,68.1,42.3,91,7.5,6.8,15.6,14.9,10.1,17.8,13.2,24.3,62.9,22.7,12.9,10.4,7.6,12.5,6.5,10.5,15,7.7,18.3,8.4,41.9,30.1,61,72.5,135.5,25.2,13.1,25,13.1,39.7
USNM,100119,Puma,concolor pearsoni,unknown,Brazil,,211.4,62.8,86.6,53.1,86.8,59.2,143.5,73.8,44.2,76.6,29.4,64.9,68.9,43.5,89.1,7.8,6.6,17.6,14.3,11.3,17.3,12.7,26.2,67.7,,,,,,,,,,,,,,,,,,,,,
USNM,291141,Puma,concolor puma,unknown,Chile,Valparaiso,196.9,59.7,77.7,48,69.3,55.9,146.4,89.2,47.3,74.8,25.2,51.8,59,39.1,82.6,5.8,5.7,11.9,10,7.5,13.6,10.5,21.8,60,19.3,10.9,8.5,6.7,11.2,5.8,9.4,14.4,6.8,16.6,6.7,41.7,22.2,56.9,69.1,127.4,23.8,12.1,21,12.2,36.6
USNM,211493,Puma,concolor vancouverensis,female,Canada,Vancouver Island,184.7,51,73.5,47.9,73.9,57.6,125.3,70.4,40.3,70.2,21.8,48.5,64.8,40,76.9,5.3,4.7,12.4,10,8.9,15.3,11,22,57,22,11.4,8.4,7.6,12.5,5.6,9.4,14.5,6.6,15.6,7.3,36.4,21.2,48.7,64.2,119.8,22.1,11.5,21,10.8,36.7
USNM,56176,Puma,concolor vancouverensis,female,Canada,Vancouver Island,192.8,62.6,74.1,47.5,78.1,56.2,135.8,80.2,44.9,74.8,22.2,51.3,59.9,38.9,77.6,5.6,5,12.9,10.4,9.3,16,11,21.9,58.1,20.2,11.7,8.7,7.6,12.7,5.8,9.6,14.9,6.7,15.8,7.6,38.9,23.4,56.3,67.8,125.5,22.9,11,22.1,11.3,35.6
USNM,211492,Puma,concolor vancouverensis,male,Canada,Vancouver Island,201.4,64.8,78.7,51.9,79.8,60.8,134.7,67.5,39.2,75.2,23.9,54.7,67.5,39,84.5,6.4,5.7,15.6,12.6,10.7,17.5,12.5,23.9,62.4,25.7,13.8,10.5,8.5,14.2,6.8,10.6,16.6,7.9,17.3,8.3,42.5,24.3,57,69,133.2,25.5,11.8,24.4,12,41.5
USNM,211521,Puma,concolor vancouverensis,male,Canada,Vancouver Island,214.5,65.5,82.3,55.6,82,59.4,145.7,78.6,42.8,75.8,23.8,56.9,69.5,43,88.5,6.7,5.5,15,12.5,8.7,17.2,12.6,23.6,65.6,25.6,14.7,11.2,8.8,14.2,7,11,16.2,7.8,18.5,8.8,46.8,26.3,60.5,76,140.2,26.5,13.3,24.3,12.7,44.2
